text,label
پیرو تماس تلفنی، لیست قیمت محصولات پیوست است. لطفا تایید بفرمایید,ham
با سلام و احترام، مطالعات امکان‌سنجی خدمتتان ارسال کردم. لطفا تایید بفرمایید,ham
کاربر محترم، کارت بانکی شما تعلیق شده است. کد ارسال‌شده را برای ما بفرستید.,spam
عطف به نامه شماره، گزارش ماهانه در سامانه بارگذاری شد. منتظر نظر شما هستم,ham
مشترک گرامی، کارت بانکی شما دارای بدهی است. وگرنه پرونده به مراجع قضایی ارجاع می‌شود. کد ارسال‌شده را برای ما بفرستید. click.pay-ir.tk,spam
حساب شما برای دریافت ۱۰۰ میلیون ریال شدید! برای دریافت مبلغ اطلاعات خود را تایید کنید. فرصت محدود است,spam
با سلام و احترام، لیست قیمت محصولات خدمتتان ارسال کردم. با تشکر,ham
گرامی، یارانه شما در آستانه مسدودی است. برای جلوگیری از قطع. جهت تمدید اطلاعات کارت را وارد نمایید.,spam
شما برنده ۵۰ میلیون تومان شدید! برای دریافت مبلغ رمز پویای خود را ارسال نمایید. تا ۱۲ ساعت آینده معتبر است t.me/fastloan,spam
"واریز به حساب شما: 20,000 ریال. بابت: فروش",ham
مشترک گرامی، سفته شما در آستانه مسدودی است. وگرنه پرونده به مراجع قضایی ارجاع می‌شود. اطلاعات خود را تایید کنید. my-bank-ir.xyz,spam
مشترک گرامی، پایانه فروشگاهی شما در آستانه مسدودی است. تا پایان امروز فرصت دارید. مبلغ ۵۰۰ هزار تومان را واریز کنید. t.me/fastloan,spam
کاربر محترم، بسته اینترنت شما تعلیق شده است. اطلاعات خود را تایید کنید.,spam
شما برنده ۵۰ میلیون تومان شدید! برای دریافت مبلغ رمز پویای خود را ارسال نمایید. تا ۱۲ ساعت آینده معتبر است ir-verify.ir/login,spam
کاربر محترم، سفته شما غیرفعال شده است. مبلغ ۵۰۰ هزار تومان را واریز کنید.,spam
با سلام و احترام، اسکن فاکتور پیوست است. لطفا تایید بفرمایید,ham
"یادآوری: قسط وام شما به مبلغ 130,000 ریال در تاریخ ۱۴۰۵/۰7/۱7 سررسید می‌شود",ham
"مشترک گرامی، قبض این دوره شما به مبلغ 460,000 ریال صادر شد",ham
عزیز، ابلاغیه قضایی شما در آستانه مسدودی است. قبل از حذف. با شماره ۰۹۱۲۰۰۰۰۰۰۰ تماس بگیرید. ir-verify.ir/login,spam
پیرو تماس تلفنی، برآورد هزینه برایتان فرستادم. لطفا بررسی و اعلام نظر فرمایید شماره سند: 1082,ham
شما برنده ۲۰ میلیون تومان شدید! برای دریافت مبلغ مبلغ ۵۰۰ هزار تومان را واریز کنید. همین حالا اقدام کنید ir-verify.ir/login,spam
سلام، وقت بخیر، نسخه نهایی سند برایتان فرستادم. با تشکر شماره سند: 6614,ham
تبریک! شما کمک هزینه نقدی شدید! برای دریافت هدیه مبلغ ۵۰۰ هزار تومان را واریز کنید. فرصت محدود است bit.ly/3xkLm,spam
شما برنده ۵۰ میلیون تومان شدید! برای دریافت هدیه رمز پویای خود را ارسال نمایید. همین حالا اقدام کنید,spam
هموطن عزیز، سفته شما تعلیق شده است. در غیر این صورت مسدود خواهد شد. جهت تمدید اطلاعات کارت را وارد نمایید.,spam
سلام، وقت بخیر، پیش‌فاکتور ارسال شد. ارادتمند,ham
مشترک گرامی، ابلاغیه قضایی شما غیرفعال شده است. قبل از حذف. روی لینک کلیک کنید. bit.ly/3xkLm,spam
"یادآوری: قسط وام شما به مبلغ 690,000 ریال در تاریخ ۱۴۰۵/۰4/۱8 سررسید می‌شود",ham
عزیز، سفته شما به پایان رسیده است. حداکثر تا ۲۴ ساعت دیگر. اطلاعات کارت را وارد نمایید. sanam-id.ir,spam
هموطن عزیز، حساب کاربری شما تعلیق شده است. تا پایان امروز فرصت دارید. روی لینک کلیک کنید.,spam
حساب شما برای دریافت ۱۰۰ میلیون ریال شدید! برای دریافت جایزه با شماره ۰۹۱۲۰۰۰۰۰۰۰ تماس بگیرید. تا ۱۲ ساعت آینده معتبر است ir-verify.ir/login,spam
محترم، پرونده شکایت از شما در انتظار تایید است. مبلغ ۵۰۰ هزار تومان را واریز کنید. sanam-id.ir,spam
محترم، سیم‌کارت شما مسدود شده است. قبل از حذف. روی لینک کلیک کنید. ir-verify.ir/login,spam
هموطن عزیز، مرسوله پستی شما نیاز به تمدید دارد. قبل از حذف. اطلاعات کارت را وارد نمایید. t.me/fastloan,spam
شما برنده یک خودرو شدید! برای دریافت هدیه با شماره ۰۹۱۲۰۰۰۰۰۰۰ تماس بگیرید. فرصت محدود است,spam
تبریک! شما ۲۰ میلیون تومان شدید! برای دریافت هدیه روی لینک کلیک کنید. همین حالا اقدام کنید,spam
"مشتری گرامی، برداشت از حساب شما به مبلغ 60,000 ریال انجام شد. موجودی: 60,000 ریال",ham
تبریک! شما ۱۰۰ میلیون ریال شدید! برای دریافت مبلغ کد ارسال‌شده را برای ما بفرستید. همین حالا اقدام کنید t.me/fastloan,spam
محترم، کارت بانکی شما در آستانه مسدودی است. برای جلوگیری از قطع. روی لینک کلیک کنید.,spam
عزیز، سفته شما در آستانه مسدودی است. وگرنه پرونده به مراجع قضایی ارجاع می‌شود. مبلغ ۵۰۰ هزار تومان را واریز کنید.,spam
"یادآوری: قسط وام شما به مبلغ 410,000 ریال در تاریخ ۱۴۰۵/۰5/۱8 سررسید می‌شود",ham
"مشترک گرامی، قبض این دوره شما به مبلغ 610,000 ریال صادر شد",ham
"کاربر گرامی، خرید شما از درگاه پرداخت با موفقیت انجام شد (560,000 ریال)",ham
گرامی، حساب بانکی شما نیاز به تمدید دارد. قبل از حذف. اطلاعات کارت را وارد نمایید.,spam
گرامی، دسته چک شما ناقص است. وگرنه پرونده به مراجع قضایی ارجاع می‌شود. روی لینک کلیک کنید. t.me/fastloan,spam
پیرو تماس تلفنی، گزارش ماهانه برایتان فرستادم. ممنون از همکاری شما,ham
عزیز، یارانه شما مسدود شده است. در غیر این صورت مسدود خواهد شد. جهت تمدید اطلاعات کارت را وارد نمایید. sanam-id.ir,spam
پیرو تماس تلفنی، صورت‌جلسه پیوست است. لطفا بررسی و اعلام نظر فرمایید شماره سند: 4387,ham
"مشترک گرامی، قبض این دوره شما به مبلغ 840,000 ریال صادر شد",ham
مشترک گرامی، سهام عدالت شما غیرفعال شده است. حداکثر تا ۲۴ ساعت دیگر. فرم پیوست را تکمیل کنید.,spam
محترم، پایانه فروشگاهی شما نیاز به بازبینی دارد. رمز پویای خود را ارسال نمایید. ir-verify.ir/login,spam
کاربر محترم، حساب کاربری شما مسدود شده است. جهت جلوگیری از جریمه. روی لینک کلیک کنید. t.me/fastloan,spam
تبریک! شما ۱۰۰ میلیون ریال شدید! برای دریافت مبلغ رمز پویای خود را ارسال نمایید. تا ۱۲ ساعت آینده معتبر است bit.ly/3xkLm,spam
حساب شما برای دریافت ۲۰ میلیون تومان شدید! برای دریافت هدیه اطلاعات کارت را وارد نمایید. فرصت محدود است bit.ly/3xkLm,spam
گرامی، ابلاغیه قضایی شما نیاز به بازبینی دارد. جهت جلوگیری از جریمه. رمز پویای خود را ارسال نمایید. t.me/fastloan,spam
حساب شما برای دریافت کمک هزینه نقدی شدید! برای دریافت هدیه روی لینک کلیک کنید. فرصت محدود است,spam
هموطن عزیز، ابلاغیه قضایی شما به پایان رسیده است. کد ارسال‌شده را برای ما بفرستید. click.pay-ir.tk,spam
"مشترک گرامی، قبض این دوره شما به مبلغ 580,000 ریال صادر شد",ham
مشترک گرامی، پرونده مالیاتی شما دارای بدهی است. در صورت عدم اقدام حساب مسدود می‌شود. جهت تمدید اطلاعات کارت را وارد نمایید. ir-verify.ir/login,spam
کاربر محترم، سیم‌کارت شما تعلیق شده است. جهت جلوگیری از جریمه. از طریق درگاه زیر پرداخت کنید. ir-verify.ir/login,spam
کاربر محترم، ابلاغیه قضایی شما مسدود شده است. تا پایان امروز فرصت دارید. جهت تمدید اطلاعات کارت را وارد نمایید.,spam
گرامی، سیم‌کارت شما نیاز به بازبینی دارد. اطلاعات کارت را وارد نمایید. t.me/fastloan,spam
تبریک! شما ۵۰ میلیون تومان شدید! برای دریافت مبلغ روی لینک کلیک کنید. همین حالا اقدام کنید t.me/fastloan,spam
با سلام و احترام، مستندات فنی ارسال شد. لطفا بررسی و اعلام نظر فرمایید,ham
"یادآوری: قسط وام شما به مبلغ 110,000 ریال در تاریخ ۱۴۰۵/۰1/۱5 سررسید می‌شود",ham
هموطن عزیز، حساب بانکی شما به پایان رسیده است. روی لینک کلیک کنید.,spam
پیرو مذاکرات حضوری، پیشنهاد قیمت پروژه برایتان فرستادم. با تشکر,ham
"مشتری گرامی، برداشت از حساب شما به مبلغ 250,000 ریال انجام شد. موجودی: 250,000 ریال",ham
پیرو مذاکرات حضوری، پیش‌فاکتور پیوست است. لطفا تایید بفرمایید,ham
هموطن عزیز، پرونده شکایت از شما در آستانه مسدودی است. با شماره ۰۹۱۲۰۰۰۰۰۰۰ تماس بگیرید.,spam
محترم، سهام عدالت شما تعلیق شده است. از طریق درگاه زیر پرداخت کنید. t.me/fastloan,spam
"مشتری گرامی، برداشت از حساب شما به مبلغ 680,000 ریال انجام شد. موجودی: 680,000 ریال",ham
هموطن عزیز، بسته اینترنت شما در انتظار تایید است. جهت تمدید اطلاعات کارت را وارد نمایید.,spam
پیرو مذاکرات حضوری، برآورد هزینه به پیوست تقدیم می‌گردد. منتظر نظر شما هستم شماره سند: 6846,ham
هموطن عزیز، مرسوله پستی شما تعلیق شده است. روی لینک کلیک کنید. my-bank-ir.xyz,spam
شما برنده ۵۰ میلیون تومان شدید! برای دریافت جایزه جهت تمدید اطلاعات کارت را وارد نمایید. همین حالا اقدام کنید t.me/fastloan,spam
حساب شما برای دریافت ۲۰ میلیون تومان شدید! برای دریافت جایزه اطلاعات خود را تایید کنید. فرصت محدود است t.me/fastloan,spam
"یادآوری: قسط وام شما به مبلغ 870,000 ریال در تاریخ ۱۴۰۵/۰7/۱3 سررسید می‌شود",ham
مشترک گرامی، حساب بانکی شما به پایان رسیده است. اطلاعات کارت را وارد نمایید. click.pay-ir.tk,spam
عزیز، حساب بانکی شما ناقص است. برای جلوگیری از قطع. رمز پویای خود را ارسال نمایید. bit.ly/3xkLm,spam
مشترک گرامی، سیم‌کارت شما ناقص است. وگرنه پرونده به مراجع قضایی ارجاع می‌شود. از طریق درگاه زیر پرداخت کنید. click.pay-ir.tk,spam
هموطن عزیز، دسته چک شما تعلیق شده است. جهت جلوگیری از جریمه. اطلاعات خود را تایید کنید.,spam
عزیز، پایانه فروشگاهی شما تعلیق شده است. در صورت عدم اقدام حساب مسدود می‌شود. روی لینک کلیک کنید. ir-verify.ir/login,spam
کاربر محترم، سیم‌کارت شما در آستانه مسدودی است. جهت جلوگیری از جریمه. روی لینک کلیک کنید. bit.ly/3xkLm,spam
مشترک گرامی، یارانه شما ناقص است. برای جلوگیری از قطع. فرم پیوست را تکمیل کنید. click.pay-ir.tk,spam
تبریک! شما یک خودرو شدید! برای دریافت مبلغ کد ارسال‌شده را برای ما بفرستید. تا ۱۲ ساعت آینده معتبر است t.me/fastloan,spam
کاربر محترم، مرسوله پستی شما مسدود شده است. اطلاعات کارت را وارد نمایید. bit.ly/3xkLm,spam
مشترک گرامی، بسته اینترنت شما غیرفعال شده است. کد ارسال‌شده را برای ما بفرستید.,spam
عزیز، حساب بانکی شما به پایان رسیده است. جهت جلوگیری از جریمه. مبلغ ۵۰۰ هزار تومان را واریز کنید. click.pay-ir.tk,spam
"کاربر گرامی، خرید شما از درگاه پرداخت با موفقیت انجام شد (310,000 ریال)",ham
"کاربر گرامی، خرید شما از درگاه پرداخت با موفقیت انجام شد (370,000 ریال)",ham
عزیز، سیم‌کارت شما غیرفعال شده است. در غیر این صورت مسدود خواهد شد. فرم پیوست را تکمیل کنید.,spam
مشترک گرامی، پایانه فروشگاهی شما در انتظار تایید است. جهت جلوگیری از جریمه. با شماره ۰۹۱۲۰۰۰۰۰۰۰ تماس بگیرید. t.me/fastloan,spam
تبریک! شما کمک هزینه نقدی شدید! برای دریافت هدیه رمز پویای خود را ارسال نمایید. تا ۱۲ ساعت آینده معتبر است,spam
گرامی، مرسوله پستی شما نیاز به تمدید دارد. قبل از حذف. مبلغ ۵۰۰ هزار تومان را واریز کنید. t.me/fastloan,spam
عطف به نامه شماره، پیشنهاد قیمت پروژه به پیوست تقدیم می‌گردد. ممنون از همکاری شما,ham
"واریز به حساب شما: 160,000 ریال. بابت: بازگشت وجه",ham
سلام، وقت بخیر، نسخه نهایی سند خدمتتان ارسال کردم. ممنون از همکاری شما شماره سند: 2577,ham
شما برنده ۱۰۰ میلیون ریال شدید! برای دریافت هدیه مبلغ ۵۰۰ هزار تومان را واریز کنید. همین حالا اقدام کنید bit.ly/3xkLm,spam
گرامی، پایانه فروشگاهی شما ناقص است. برای جلوگیری از قطع. کد ارسال‌شده را برای ما بفرستید. my-bank-ir.xyz,spam
محترم، دسته چک شما ناقص است. برای جلوگیری از قطع. اطلاعات خود را تایید کنید.,spam
گرامی، حساب کاربری شما ناقص است. از طریق درگاه زیر پرداخت کنید.,spam
"مشتری گرامی، برداشت از حساب شما به مبلغ 530,000 ریال انجام شد. موجودی: 530,000 ریال",ham
پیرو تماس تلفنی، مستندات فنی برایتان فرستادم. ارادتمند,ham
حساب شما برای دریافت ۲۰ میلیون تومان شدید! برای دریافت هدیه جهت تمدید اطلاعات کارت را وارد نمایید. فرصت محدود است,spam
با سلام و احترام، مطالعات امکان‌سنجی در سامانه بارگذاری شد. لطفا تایید بفرمایید شماره سند: 1941,ham
کاربر محترم، سفته شما مسدود شده است. وگرنه پرونده به مراجع قضایی ارجاع می‌شود. روی لینک کلیک کنید. my-bank-ir.xyz,spam
عزیز، پرونده مالیاتی شما در آستانه مسدودی است. وگرنه پرونده به مراجع قضایی ارجاع می‌شود. رمز پویای خود را ارسال نمایید. click.pay-ir.tk,spam
محترم، سیم‌کارت شما در آستانه مسدودی است. وگرنه پرونده به مراجع قضایی ارجاع می‌شود. فرم پیوست را تکمیل کنید.,spam
"واریز به حساب شما: 400,000 ریال. بابت: بازگشت وجه",ham
گرامی، دسته چک شما مسدود شده است. اطلاعات کارت را وارد نمایید.,spam
"مشترک گرامی، قبض این دوره شما به مبلغ 470,000 ریال صادر شد",ham
محترم، مرسوله پستی شما در آستانه مسدودی است. روی لینک کلیک کنید. ir-verify.ir/login,spam
پیرو مذاکرات حضوری، پیش‌فاکتور ارسال شد. لطفا بررسی و اعلام نظر فرمایید,ham
هموطن عزیز، پایانه فروشگاهی شما مسدود شده است. حداکثر تا ۲۴ ساعت دیگر. روی لینک کلیک کنید.,spam
محترم، مرسوله پستی شما مسدود شده است. قبل از حذف. رمز پویای خود را ارسال نمایید. click.pay-ir.tk,spam
گرامی، سهام عدالت شما نیاز به تمدید دارد. تا پایان امروز فرصت دارید. مبلغ ۵۰۰ هزار تومان را واریز کنید. sanam-id.ir,spam
عزیز، مرسوله پستی شما در آستانه مسدودی است. رمز پویای خود را ارسال نمایید. ir-verify.ir/login,spam
هموطن عزیز، یارانه شما در انتظار تایید است. تا پایان امروز فرصت دارید. جهت تمدید اطلاعات کارت را وارد نمایید. sanam-id.ir,spam
"کاربر گرامی، خرید شما از درگاه پرداخت با موفقیت انجام شد (710,000 ریال)",ham
هموطن عزیز، بسته اینترنت شما غیرفعال شده است. تا پایان امروز فرصت دارید. جهت تمدید اطلاعات کارت را وارد نمایید.,spam
"مشترک گرامی، قبض این دوره شما به مبلغ 530,000 ریال صادر شد",ham
تبریک! شما یک خودرو شدید! برای دریافت جایزه فرم پیوست را تکمیل کنید. تا ۱۲ ساعت آینده معتبر است click.pay-ir.tk,spam
کاربر محترم، پرونده مالیاتی شما نیاز به بازبینی دارد. اطلاعات کارت را وارد نمایید. t.me/fastloan,spam
"واریز به حساب شما: 50,000 ریال. بابت: یارانه",ham
کاربر محترم، پرونده شکایت از شما در انتظار تایید است. در صورت عدم اقدام حساب مسدود می‌شود. رمز پویای خود را ارسال نمایید. ir-verify.ir/login,spam
در ادامه جلسه امروز، نسخه نهایی سند ارسال شد. منتظر نظر شما هستم,ham
عزیز، بسته اینترنت شما در انتظار تایید است. تا پایان امروز فرصت دارید. اطلاعات خود را تایید کنید. ir-verify.ir/login,spam
مشترک گرامی، سهام عدالت شما در انتظار تایید است. کد ارسال‌شده را برای ما بفرستید. my-bank-ir.xyz,spam
"مشترک گرامی، قبض این دوره شما به مبلغ 540,000 ریال صادر شد",ham
عطف به نامه شماره، گزارش ماهانه به پیوست تقدیم می‌گردد. در صورت مغایرت اطلاع دهید شماره سند: 3071,ham
محترم، بسته اینترنت شما تعلیق شده است. وگرنه پرونده به مراجع قضایی ارجاع می‌شود. اطلاعات خود را تایید کنید.,spam
محترم، مرسوله پستی شما مسدود شده است. روی لینک کلیک کنید.,spam
"یادآوری: قسط وام شما به مبلغ 820,000 ریال در تاریخ ۱۴۰۵/۰1/۱4 سررسید می‌شود",ham
حساب شما برای دریافت ۵۰ میلیون تومان شدید! برای دریافت هدیه جهت تمدید اطلاعات کارت را وارد نمایید. همین حالا اقدام کنید bit.ly/3xkLm,spam
محترم، ابلاغیه قضایی شما به پایان رسیده است. با شماره ۰۹۱۲۰۰۰۰۰۰۰ تماس بگیرید. t.me/fastloan,spam
سلام، وقت بخیر، نسخه نهایی سند خدمتتان ارسال کردم. ارادتمند,ham
شما برنده یک خودرو شدید! برای دریافت هدیه اطلاعات کارت را وارد نمایید. تا ۱۲ ساعت آینده معتبر است,spam
کاربر محترم، حساب کاربری شما مسدود شده است. فرم پیوست را تکمیل کنید.,spam
با سلام و احترام، مطالعات امکان‌سنجی ارسال شد. با تشکر,ham
"مشتری گرامی، برداشت از حساب شما به مبلغ 370,000 ریال انجام شد. موجودی: 370,000 ریال",ham
مشترک گرامی، پرونده شکایت از شما در آستانه مسدودی است. جهت تمدید اطلاعات کارت را وارد نمایید.,spam
محترم، یارانه شما ناقص است. جهت جلوگیری از جریمه. جهت تمدید اطلاعات کارت را وارد نمایید. sanam-id.ir,spam
تبریک! شما کمک هزینه نقدی شدید! برای دریافت هدیه اطلاعات خود را تایید کنید. همین حالا اقدام کنید,spam
کاربر محترم، سیم‌کارت شما ناقص است. قبل از حذف. با شماره ۰۹۱۲۰۰۰۰۰۰۰ تماس بگیرید. click.pay-ir.tk,spam
پیرو مذاکرات حضوری، پیشنهاد قیمت پروژه به پیوست تقدیم می‌گردد. با تشکر,ham
هموطن عزیز، پرونده مالیاتی شما نیاز به بازبینی دارد. کد ارسال‌شده را برای ما بفرستید.,spam
محترم، ابلاغیه قضایی شما ناقص است. وگرنه پرونده به مراجع قضایی ارجاع می‌شود. مبلغ ۵۰۰ هزار تومان را واریز کنید.,spam
پیرو تماس تلفنی، مستندات فنی پیوست است. ممنون از همکاری شما,ham
عزیز، ابلاغیه قضایی شما در آستانه مسدودی است. قبل از حذف. اطلاعات کارت را وارد نمایید. click.pay-ir.tk,spam
هموطن عزیز، ابلاغیه قضایی شما در آستانه مسدودی است. برای جلوگیری از قطع. کد ارسال‌شده را برای ما بفرستید. bit.ly/3xkLm,spam
در ادامه جلسه امروز، قرارداد همکاری خدمتتان ارسال کردم. منتظر نظر شما هستم,ham
در ادامه جلسه امروز، پیشنهاد قیمت پروژه ارسال شد. در صورت مغایرت اطلاع دهید,ham
محترم، یارانه شما ناقص است. وگرنه پرونده به مراجع قضایی ارجاع می‌شود. جهت تمدید اطلاعات کارت را وارد نمایید.,spam
سلام، وقت بخیر، مستندات فنی پیوست است. ممنون از همکاری شما شماره سند: 4187,ham
مشترک گرامی، حساب بانکی شما تعلیق شده است. تا پایان امروز فرصت دارید. با شماره ۰۹۱۲۰۰۰۰۰۰۰ تماس بگیرید. bit.ly/3xkLm,spam
محترم، پرونده شکایت از شما به پایان رسیده است. وگرنه پرونده به مراجع قضایی ارجاع می‌شود. روی لینک کلیک کنید. sanam-id.ir,spam
کاربر محترم، سهام عدالت شما تعلیق شده است. حداکثر تا ۲۴ ساعت دیگر. کد ارسال‌شده را برای ما بفرستید. sanam-id.ir,spam
پیرو مذاکرات حضوری، مطالعات امکان‌سنجی در سامانه بارگذاری شد. ممنون از همکاری شما شماره سند: 8613,ham
عزیز، بسته اینترنت شما در آستانه مسدودی است. در غیر این صورت مسدود خواهد شد. از طریق درگاه زیر پرداخت کنید. my-bank-ir.xyz,spam
با سلام و احترام، نسخه نهایی سند خدمتتان ارسال کردم. لطفا تایید بفرمایید,ham
گرامی، سهام عدالت شما در انتظار تایید است. با شماره ۰۹۱۲۰۰۰۰۰۰۰ تماس بگیرید. ir-verify.ir/login,spam
گرامی، سهام عدالت شما مسدود شده است. حداکثر تا ۲۴ ساعت دیگر. جهت تمدید اطلاعات کارت را وارد نمایید.,spam
عطف به نامه شماره، برآورد هزینه خدمتتان ارسال کردم. ارادتمند,ham
سلام، وقت بخیر، مستندات فنی خدمتتان ارسال کردم. ارادتمند,ham
"مشتری گرامی، برداشت از حساب شما به مبلغ 300,000 ریال انجام شد. موجودی: 300,000 ریال",ham
کاربر محترم، سفته شما نیاز به بازبینی دارد. در غیر این صورت مسدود خواهد شد. جهت تمدید اطلاعات کارت را وارد نمایید. ir-verify.ir/login,spam
محترم، پرونده شکایت از شما به پایان رسیده است. جهت جلوگیری از جریمه. اطلاعات خود را تایید کنید. t.me/fastloan,spam
"واریز به حساب شما: 50,000 ریال. بابت: بازگشت وجه",ham
تبریک! شما یک خودرو شدید! برای دریافت مبلغ رمز پویای خود را ارسال نمایید. همین حالا اقدام کنید ir-verify.ir/login,spam
گرامی، سفته شما غیرفعال شده است. در صورت عدم اقدام حساب مسدود می‌شود. کد ارسال‌شده را برای ما بفرستید. my-bank-ir.xyz,spam
تبریک! شما یک خودرو شدید! برای دریافت مبلغ فرم پیوست را تکمیل کنید. فرصت محدود است bit.ly/3xkLm,spam
با سلام و احترام، صورت‌جلسه خدمتتان ارسال کردم. لطفا بررسی و اعلام نظر فرمایید,ham
عزیز، دسته چک شما ناقص است. با شماره ۰۹۱۲۰۰۰۰۰۰۰ تماس بگیرید.,spam
"کاربر گرامی، خرید شما از درگاه پرداخت با موفقیت انجام شد (180,000 ریال)",ham
گرامی، یارانه شما مسدود شده است. تا پایان امروز فرصت دارید. مبلغ ۵۰۰ هزار تومان را واریز کنید.,spam
عزیز، مرسوله پستی شما به پایان رسیده است. در غیر این صورت مسدود خواهد شد. روی لینک کلیک کنید.,spam
محترم، پرونده شکایت از شما در انتظار تایید است. حداکثر تا ۲۴ ساعت دیگر. کد ارسال‌شده را برای ما بفرستید.,spam
"کاربر گرامی، خرید شما از درگاه پرداخت با موفقیت انجام شد (180,000 ریال)",ham
عزیز، پرونده شکایت از شما مسدود شده است. وگرنه پرونده به مراجع قضایی ارجاع می‌شود. از طریق درگاه زیر پرداخت کنید. click.pay-ir.tk,spam
مشترک گرامی، سیم‌کارت شما در انتظار تایید است. برای جلوگیری از قطع. با شماره ۰۹۱۲۰۰۰۰۰۰۰ تماس بگیرید. t.me/fastloan,spam
مشترک گرامی، پایانه فروشگاهی شما نیاز به تمدید دارد. جهت تمدید اطلاعات کارت را وارد نمایید.,spam
مشترک گرامی، سهام عدالت شما تعلیق شده است. قبل از حذف. جهت تمدید اطلاعات کارت را وارد نمایید. sanam-id.ir,spam
"کاربر گرامی، خرید شما از درگاه پرداخت با موفقیت انجام شد (340,000 ریال)",ham
عزیز، مرسوله پستی شما در آستانه مسدودی است. با شماره ۰۹۱۲۰۰۰۰۰۰۰ تماس بگیرید.,spam
سلام، وقت بخیر، صورت‌جلسه به پیوست تقدیم می‌گردد. لطفا بررسی و اعلام نظر فرمایید,ham
در ادامه جلسه امروز، گزارش ماهانه به پیوست تقدیم می‌گردد. لطفا بررسی و اعلام نظر فرمایید,ham
محترم، ابلاغیه قضایی شما در آستانه مسدودی است. قبل از حذف. فرم پیوست را تکمیل کنید.,spam
سلام، وقت بخیر، قرارداد همکاری خدمتتان ارسال کردم. لطفا تایید بفرمایید,ham
هموطن عزیز، سیم‌کارت شما در آستانه مسدودی است. در صورت عدم اقدام حساب مسدود می‌شود. کد ارسال‌شده را برای ما بفرستید.,spam
محترم، کارت بانکی شما به پایان رسیده است. جهت جلوگیری از جریمه. از طریق درگاه زیر پرداخت کنید. bit.ly/3xkLm,spam
هموطن عزیز، سیم‌کارت شما نیاز به تمدید دارد. رمز پویای خود را ارسال نمایید.,spam
کاربر محترم، پرونده مالیاتی شما نیاز به تمدید دارد. در غیر این صورت مسدود خواهد شد. با شماره ۰۹۱۲۰۰۰۰۰۰۰ تماس بگیرید. bit.ly/3xkLm,spam
عزیز، سیم‌کارت شما در انتظار تایید است. از طریق درگاه زیر پرداخت کنید. click.pay-ir.tk,spam
گرامی، سهام عدالت شما نیاز به بازبینی دارد. اطلاعات خود را تایید کنید.,spam
کاربر محترم، مرسوله پستی شما دارای بدهی است. تا پایان امروز فرصت دارید. فرم پیوست را تکمیل کنید.,spam
پیرو مذاکرات حضوری، مغایرت‌های حساب پیوست است. منتظر نظر شما هستم,ham
در ادامه جلسه امروز، مغایرت‌های حساب خدمتتان ارسال کردم. منتظر نظر شما هستم شماره سند: 4209,ham
کاربر محترم، سیم‌کارت شما غیرفعال شده است. رمز پویای خود را ارسال نمایید. bit.ly/3xkLm,spam
گرامی، کارت بانکی شما در آستانه مسدودی است. برای جلوگیری از قطع. رمز پویای خود را ارسال نمایید. ir-verify.ir/login,spam
محترم، پایانه فروشگاهی شما دارای بدهی است. از طریق درگاه زیر پرداخت کنید. sanam-id.ir,spam
"واریز به حساب شما: 150,000 ریال. بابت: حقوق",ham
محترم، کارت بانکی شما نیاز به بازبینی دارد. در صورت عدم اقدام حساب مسدود می‌شود. از طریق درگاه زیر پرداخت کنید. my-bank-ir.xyz,spam
کاربر محترم، سیم‌کارت شما تعلیق شده است. در صورت عدم اقدام حساب مسدود می‌شود. کد ارسال‌شده را برای ما بفرستید. bit.ly/3xkLm,spam
عزیز، سفته شما در آستانه مسدودی است. قبل از حذف. مبلغ ۵۰۰ هزار تومان را واریز کنید.,spam
محترم، پرونده مالیاتی شما در آستانه مسدودی است. حداکثر تا ۲۴ ساعت دیگر. فرم پیوست را تکمیل کنید.,spam
عطف به نامه شماره، مغایرت‌های حساب ارسال شد. ارادتمند,ham
سلام، وقت بخیر، صورت‌جلسه در سامانه بارگذاری شد. ارادتمند,ham
پیرو مذاکرات حضوری، پیش‌فاکتور به پیوست تقدیم می‌گردد. لطفا تایید بفرمایید,ham
مشترک گرامی، پایانه فروشگاهی شما نیاز به بازبینی دارد. با شماره ۰۹۱۲۰۰۰۰۰۰۰ تماس بگیرید. t.me/fastloan,spam
تبریک! شما ۵۰ میلیون تومان شدید! برای دریافت مبلغ اطلاعات خود را تایید کنید. همین حالا اقدام کنید my-bank-ir.xyz,spam
کاربر محترم، پرونده مالیاتی شما مسدود شده است. برای جلوگیری از قطع. جهت تمدید اطلاعات کارت را وارد نمایید. sanam-id.ir,spam
محترم، پرونده شکایت از شما تعلیق شده است. تا پایان امروز فرصت دارید. از طریق درگاه زیر پرداخت کنید. my-bank-ir.xyz,spam
پیرو مذاکرات حضوری، نسخه نهایی سند در سامانه بارگذاری شد. لطفا بررسی و اعلام نظر فرمایید,ham
مشترک گرامی، پرونده مالیاتی شما در انتظار تایید است. در غیر این صورت مسدود خواهد شد. کد ارسال‌شده را برای ما بفرستید. bit.ly/3xkLm,spam
مشترک گرامی، سیم‌کارت شما غیرفعال شده است. تا پایان امروز فرصت دارید. اطلاعات کارت را وارد نمایید.,spam
"مشتری گرامی، برداشت از حساب شما به مبلغ 360,000 ریال انجام شد. موجودی: 360,000 ریال",ham
پیرو مذاکرات حضوری، نسخه نهایی سند برایتان فرستادم. لطفا تایید بفرمایید شماره سند: 1653,ham
تبریک! شما ۵۰ میلیون تومان شدید! برای دریافت جایزه روی لینک کلیک کنید. تا ۱۲ ساعت آینده معتبر است,spam
در ادامه جلسه امروز، پیش‌فاکتور ارسال شد. ممنون از همکاری شما,ham
شما برنده یک خودرو شدید! برای دریافت هدیه جهت تمدید اطلاعات کارت را وارد نمایید. همین حالا اقدام کنید ir-verify.ir/login,spam
عزیز، پرونده شکایت از شما به پایان رسیده است. روی لینک کلیک کنید. sanam-id.ir,spam
حساب شما برای دریافت یک خودرو شدید! برای دریافت جایزه کد ارسال‌شده را برای ما بفرستید. فرصت محدود است ir-verify.ir/login,spam
تبریک! شما ۱۰۰ میلیون ریال شدید! برای دریافت هدیه مبلغ ۵۰۰ هزار تومان را واریز کنید. تا ۱۲ ساعت آینده معتبر است,spam
مشترک گرامی، سیم‌کارت شما دارای بدهی است. وگرنه پرونده به مراجع قضایی ارجاع می‌شود. رمز پویای خود را ارسال نمایید. click.pay-ir.tk,spam
عزیز، مرسوله پستی شما غیرفعال شده است. برای جلوگیری از قطع. رمز پویای خود را ارسال نمایید.,spam
عزیز، پرونده مالیاتی شما در آستانه مسدودی است. برای جلوگیری از قطع. روی لینک کلیک کنید. click.pay-ir.tk,spam
پیرو تماس تلفنی، صورت‌جلسه به پیوست تقدیم می‌گردد. لطفا تایید بفرمایید شماره سند: 2252,ham
پیرو تماس تلفنی، صورت‌جلسه به پیوست تقدیم می‌گردد. در صورت مغایرت اطلاع دهید,ham
با سلام و احترام، مطالعات امکان‌سنجی به پیوست تقدیم می‌گردد. لطفا تایید بفرمایید شماره سند: 2124,ham
عزیز، ابلاغیه قضایی شما ناقص است. در صورت عدم اقدام حساب مسدود می‌شود. از طریق درگاه زیر پرداخت کنید. ir-verify.ir/login,spam
مشترک گرامی، پایانه فروشگاهی شما در انتظار تایید است. وگرنه پرونده به مراجع قضایی ارجاع می‌شود. اطلاعات خود را تایید کنید. click.pay-ir.tk,spam
عزیز، مرسوله پستی شما نیاز به تمدید دارد. برای جلوگیری از قطع. رمز پویای خود را ارسال نمایید.,spam
پیرو مذاکرات حضوری، لیست قیمت محصولات برایتان فرستادم. ارادتمند,ham
حساب شما برای دریافت کمک هزینه نقدی شدید! برای دریافت هدیه با شماره ۰۹۱۲۰۰۰۰۰۰۰ تماس بگیرید. فرصت محدود است,spam
"واریز به حساب شما: 800,000 ریال. بابت: بازگشت وجه",ham
"یادآوری: قسط وام شما به مبلغ 720,000 ریال در تاریخ ۱۴۰۵/۰1/۱3 سررسید می‌شود",ham
با سلام و احترام، برآورد هزینه خدمتتان ارسال کردم. با تشکر,ham
"کاربر گرامی، خرید شما از درگاه پرداخت با موفقیت انجام شد (780,000 ریال)",ham
هموطن عزیز، کارت بانکی شما غیرفعال شده است. مبلغ ۵۰۰ هزار تومان را واریز کنید.,spam
هموطن عزیز، پرونده مالیاتی شما در آستانه مسدودی است. رمز پویای خود را ارسال نمایید. my-bank-ir.xyz,spam
مشترک گرامی، بسته اینترنت شما تعلیق شده است. قبل از حذف. جهت تمدید اطلاعات کارت را وارد نمایید.,spam
شما برنده ۱۰۰ میلیون ریال شدید! برای دریافت هدیه کد ارسال‌شده را برای ما بفرستید. همین حالا اقدام کنید sanam-id.ir,spam
کاربر محترم، حساب کاربری شما مسدود شده است. رمز پویای خود را ارسال نمایید. ir-verify.ir/login,spam
مشترک گرامی، دسته چک شما ناقص است. قبل از حذف. از طریق درگاه زیر پرداخت کنید. my-bank-ir.xyz,spam
عزیز، سفته شما تعلیق شده است. حداکثر تا ۲۴ ساعت دیگر. فرم پیوست را تکمیل کنید. bit.ly/3xkLm,spam
محترم، مرسوله پستی شما نیاز به تمدید دارد. قبل از حذف. اطلاعات کارت را وارد نمایید.,spam
عزیز، بسته اینترنت شما به پایان رسیده است. جهت جلوگیری از جریمه. جهت تمدید اطلاعات کارت را وارد نمایید.,spam
عطف به نامه شماره، برآورد هزینه برایتان فرستادم. ارادتمند,ham
سلام، وقت بخیر، برآورد هزینه خدمتتان ارسال کردم. لطفا تایید بفرمایید,ham
پیرو تماس تلفنی، مستندات فنی به پیوست تقدیم می‌گردد. لطفا بررسی و اعلام نظر فرمایید,ham
گرامی، پرونده شکایت از شما تعلیق شده است. جهت جلوگیری از جریمه. کد ارسال‌شده را برای ما بفرستید. t.me/fastloan,spam
محترم، بسته اینترنت شما در آستانه مسدودی است. از طریق درگاه زیر پرداخت کنید. bit.ly/3xkLm,spam
"واریز به حساب شما: 390,000 ریال. بابت: حقوق",ham
تبریک! شما یک خودرو شدید! برای دریافت مبلغ مبلغ ۵۰۰ هزار تومان را واریز کنید. تا ۱۲ ساعت آینده معتبر است bit.ly/3xkLm,spam
"کاربر گرامی، خرید شما از درگاه پرداخت با موفقیت انجام شد (720,000 ریال)",ham
پیرو تماس تلفنی، قرارداد همکاری برایتان فرستادم. لطفا تایید بفرمایید شماره سند: 2072,ham
گرامی، ابلاغیه قضایی شما مسدود شده است. تا پایان امروز فرصت دارید. فرم پیوست را تکمیل کنید. my-bank-ir.xyz,spam
محترم، پرونده مالیاتی شما در آستانه مسدودی است. قبل از حذف. رمز پویای خود را ارسال نمایید. t.me/fastloan,spam
کاربر محترم، حساب بانکی شما در انتظار تایید است. حداکثر تا ۲۴ ساعت دیگر. جهت تمدید اطلاعات کارت را وارد نمایید. my-bank-ir.xyz,spam
گرامی، دسته چک شما مسدود شده است. قبل از حذف. روی لینک کلیک کنید. my-bank-ir.xyz,spam
محترم، مرسوله پستی شما در آستانه مسدودی است. تا پایان امروز فرصت دارید. رمز پویای خود را ارسال نمایید.,spam
در ادامه جلسه امروز، نسخه نهایی سند خدمتتان ارسال کردم. لطفا تایید بفرمایید شماره سند: 9871,ham
عزیز، سهام عدالت شما تعلیق شده است. قبل از حذف. رمز پویای خود را ارسال نمایید. t.me/fastloan,spam
عزیز، سفته شما در آستانه مسدودی است. حداکثر تا ۲۴ ساعت دیگر. رمز پویای خود را ارسال نمایید. my-bank-ir.xyz,spam
گرامی، کارت بانکی شما در انتظار تایید است. کد ارسال‌شده را برای ما بفرستید. my-bank-ir.xyz,spam
مشترک گرامی، مرسوله پستی شما به پایان رسیده است. قبل از حذف. اطلاعات کارت را وارد نمایید.,spam
"مشترک گرامی، قبض این دوره شما به مبلغ 460,000 ریال صادر شد",ham
پیرو تماس تلفنی، برآورد هزینه خدمتتان ارسال کردم. در صورت مغایرت اطلاع دهید,ham
کاربر محترم، مرسوله پستی شما تعلیق شده است. برای جلوگیری از قطع. از طریق درگاه زیر پرداخت کنید. my-bank-ir.xyz,spam
مشترک گرامی، کارت بانکی شما به پایان رسیده است. در صورت عدم اقدام حساب مسدود می‌شود. جهت تمدید اطلاعات کارت را وارد نمایید.,spam
هموطن عزیز، سهام عدالت شما در آستانه مسدودی است. در غیر این صورت مسدود خواهد شد. رمز پویای خود را ارسال نمایید. t.me/fastloan,spam
حساب شما برای دریافت ۲۰ میلیون تومان شدید! برای دریافت هدیه کد ارسال‌شده را برای ما بفرستید. فرصت محدود است bit.ly/3xkLm,spam
"واریز به حساب شما: 590,000 ریال. بابت: حقوق",ham
کاربر محترم، یارانه شما مسدود شده است. وگرنه پرونده به مراجع قضایی ارجاع می‌شود. مبلغ ۵۰۰ هزار تومان را واریز کنید.,spam
کاربر محترم، پرونده مالیاتی شما غیرفعال شده است. کد ارسال‌شده را برای ما بفرستید. bit.ly/3xkLm,spam
"یادآوری: قسط وام شما به مبلغ 840,000 ریال در تاریخ ۱۴۰۵/۰4/۱6 سررسید می‌شود",ham
مشترک گرامی، پایانه فروشگاهی شما تعلیق شده است. در صورت عدم اقدام حساب مسدود می‌شود. اطلاعات کارت را وارد نمایید.,spam
گرامی، حساب بانکی شما در انتظار تایید است. در صورت عدم اقدام حساب مسدود می‌شود. روی لینک کلیک کنید. sanam-id.ir,spam
کاربر محترم، سفته شما در انتظار تایید است. در صورت عدم اقدام حساب مسدود می‌شود. اطلاعات خود را تایید کنید.,spam
مشترک گرامی، پایانه فروشگاهی شما تعلیق شده است. با شماره ۰۹۱۲۰۰۰۰۰۰۰ تماس بگیرید.,spam
پیرو تماس تلفنی، لیست قیمت محصولات خدمتتان ارسال کردم. ممنون از همکاری شما,ham
هموطن عزیز، کارت بانکی شما دارای بدهی است. وگرنه پرونده به مراجع قضایی ارجاع می‌شود. با شماره ۰۹۱۲۰۰۰۰۰۰۰ تماس بگیرید. my-bank-ir.xyz,spam
حساب شما برای دریافت ۲۰ میلیون تومان شدید! برای دریافت جایزه کد ارسال‌شده را برای ما بفرستید. تا ۱۲ ساعت آینده معتبر است,spam
پیرو تماس تلفنی، برآورد هزینه برایتان فرستادم. منتظر نظر شما هستم,ham
پیرو مذاکرات حضوری، مستندات فنی ارسال شد. لطفا تایید بفرمایید شماره سند: 7296,ham
عطف به نامه شماره، صورت‌جلسه پیوست است. با تشکر,ham
با سلام و احترام، قرارداد همکاری پیوست است. لطفا تایید بفرمایید,ham
عزیز، مرسوله پستی شما مسدود شده است. مبلغ ۵۰۰ هزار تومان را واریز کنید. click.pay-ir.tk,spam
تبریک! شما ۵۰ میلیون تومان شدید! برای دریافت هدیه جهت تمدید اطلاعات کارت را وارد نمایید. فرصت محدود است,spam
سلام، وقت بخیر، صورت‌جلسه خدمتتان ارسال کردم. ممنون از همکاری شما شماره سند: 2744,ham
پیرو مذاکرات حضوری، نسخه نهایی سند خدمتتان ارسال کردم. ارادتمند شماره سند: 9489,ham
"یادآوری: قسط وام شما به مبلغ 510,000 ریال در تاریخ ۱۴۰۵/۰9/۱9 سررسید می‌شود",ham
گرامی، سفته شما دارای بدهی است. برای جلوگیری از قطع. روی لینک کلیک کنید. ir-verify.ir/login,spam
عزیز، دسته چک شما دارای بدهی است. در صورت عدم اقدام حساب مسدود می‌شود. اطلاعات کارت را وارد نمایید.,spam
عطف به نامه شماره، لیست قیمت محصولات خدمتتان ارسال کردم. ممنون از همکاری شما,ham
هموطن عزیز، دسته چک شما غیرفعال شده است. حداکثر تا ۲۴ ساعت دیگر. مبلغ ۵۰۰ هزار تومان را واریز کنید. sanam-id.ir,spam
شما برنده کمک هزینه نقدی شدید! برای دریافت هدیه اطلاعات کارت را وارد نمایید. تا ۱۲ ساعت آینده معتبر است,spam
حساب شما برای دریافت کمک هزینه نقدی شدید! برای دریافت جایزه اطلاعات کارت را وارد نمایید. فرصت محدود است,spam
هموطن عزیز، مرسوله پستی شما تعلیق شده است. در غیر این صورت مسدود خواهد شد. کد ارسال‌شده را برای ما بفرستید. click.pay-ir.tk,spam
تبریک! شما ۵۰ میلیون تومان شدید! برای دریافت مبلغ کد ارسال‌شده را برای ما بفرستید. فرصت محدود است,spam
هموطن عزیز، کارت بانکی شما مسدود شده است. جهت جلوگیری از جریمه. روی لینک کلیک کنید. sanam-id.ir,spam
در ادامه جلسه امروز، مطالعات امکان‌سنجی ارسال شد. ارادتمند شماره سند: 8817,ham
عطف به نامه شماره، مستندات فنی پیوست است. در صورت مغایرت اطلاع دهید,ham
هموطن عزیز، پایانه فروشگاهی شما نیاز به بازبینی دارد. تا پایان امروز فرصت دارید. اطلاعات کارت را وارد نمایید.,spam
پیرو مذاکرات حضوری، پیشنهاد قیمت پروژه در سامانه بارگذاری شد. ممنون از همکاری شما شماره سند: 9866,ham
تبریک! شما ۱۰۰ میلیون ریال شدید! برای دریافت هدیه فرم پیوست را تکمیل کنید. فرصت محدود است click.pay-ir.tk,spam
حساب شما برای دریافت کمک هزینه نقدی شدید! برای دریافت هدیه کد ارسال‌شده را برای ما بفرستید. همین حالا اقدام کنید,spam
حساب شما برای دریافت یک خودرو شدید! برای دریافت مبلغ فرم پیوست را تکمیل کنید. همین حالا اقدام کنید,spam
مشترک گرامی، پایانه فروشگاهی شما ناقص است. تا پایان امروز فرصت دارید. از طریق درگاه زیر پرداخت کنید.,spam
کاربر محترم، بسته اینترنت شما نیاز به تمدید دارد. قبل از حذف. جهت تمدید اطلاعات کارت را وارد نمایید. ir-verify.ir/login,spam
عزیز، ابلاغیه قضایی شما نیاز به بازبینی دارد. برای جلوگیری از قطع. مبلغ ۵۰۰ هزار تومان را واریز کنید. my-bank-ir.xyz,spam
"مشترک گرامی، قبض این دوره شما به مبلغ 240,000 ریال صادر شد",ham
در ادامه جلسه امروز، پیش‌فاکتور در سامانه بارگذاری شد. لطفا بررسی و اعلام نظر فرمایید,ham
گرامی، حساب کاربری شما مسدود شده است. رمز پویای خود را ارسال نمایید.,spam
کاربر محترم، حساب بانکی شما ناقص است. جهت جلوگیری از جریمه. از طریق درگاه زیر پرداخت کنید. t.me/fastloan,spam
سلام، وقت بخیر، مستندات فنی به پیوست تقدیم می‌گردد. ممنون از همکاری شما شماره سند: 2285,ham
کاربر محترم، کارت بانکی شما تعلیق شده است. روی لینک کلیک کنید. t.me/fastloan,spam
"کاربر گرامی، خرید شما از درگاه پرداخت با موفقیت انجام شد (730,000 ریال)",ham
در ادامه جلسه امروز، مغایرت‌های حساب برایتان فرستادم. منتظر نظر شما هستم,ham
پیرو مذاکرات حضوری، مغایرت‌های حساب برایتان فرستادم. لطفا بررسی و اعلام نظر فرمایید,ham
گرامی، پایانه فروشگاهی شما در آستانه مسدودی است. حداکثر تا ۲۴ ساعت دیگر. رمز پویای خود را ارسال نمایید.,spam
"کاربر گرامی، خرید شما از درگاه پرداخت با موفقیت انجام شد (490,000 ریال)",ham
"یادآوری: قسط وام شما به مبلغ 220,000 ریال در تاریخ ۱۴۰۵/۰9/۱6 سررسید می‌شود",ham
مشترک گرامی، حساب کاربری شما در آستانه مسدودی است. رمز پویای خود را ارسال نمایید.,spam
"مشتری گرامی، برداشت از حساب شما به مبلغ 30,000 ریال انجام شد. موجودی: 30,000 ریال",ham
پیرو مذاکرات حضوری، صورت‌جلسه ارسال شد. ارادتمند,ham
عزیز، پرونده مالیاتی شما ناقص است. حداکثر تا ۲۴ ساعت دیگر. رمز پویای خود را ارسال نمایید. bit.ly/3xkLm,spam
هموطن عزیز، حساب کاربری شما در انتظار تایید است. برای جلوگیری از قطع. اطلاعات خود را تایید کنید. my-bank-ir.xyz,spam
"مشترک گرامی، قبض این دوره شما به مبلغ 580,000 ریال صادر شد",ham
هموطن عزیز، کارت بانکی شما به پایان رسیده است. برای جلوگیری از قطع. با شماره ۰۹۱۲۰۰۰۰۰۰۰ تماس بگیرید. t.me/fastloan,spam
حساب شما برای دریافت ۲۰ میلیون تومان شدید! برای دریافت جایزه روی لینک کلیک کنید. فرصت محدود است,spam
"واریز به حساب شما: 350,000 ریال. بابت: یارانه",ham
عزیز، مرسوله پستی شما به پایان رسیده است. رمز پویای خود را ارسال نمایید. my-bank-ir.xyz,spam
کاربر محترم، سیم‌کارت شما نیاز به تمدید دارد. وگرنه پرونده به مراجع قضایی ارجاع می‌شود. کد ارسال‌شده را برای ما بفرستید.,spam
گرامی، سهام عدالت شما به پایان رسیده است. در غیر این صورت مسدود خواهد شد. رمز پویای خود را ارسال نمایید.,spam
حساب شما برای دریافت ۱۰۰ میلیون ریال شدید! برای دریافت جایزه کد ارسال‌شده را برای ما بفرستید. فرصت محدود است,spam
حساب شما برای دریافت ۱۰۰ میلیون ریال شدید! برای دریافت جایزه کد ارسال‌شده را برای ما بفرستید. فرصت محدود است ir-verify.ir/login,spam
حساب شما برای دریافت کمک هزینه نقدی شدید! برای دریافت مبلغ کد ارسال‌شده را برای ما بفرستید. همین حالا اقدام کنید,spam
با سلام و احترام، صورت‌جلسه خدمتتان ارسال کردم. ممنون از همکاری شما,ham
حساب شما برای دریافت ۲۰ میلیون تومان شدید! برای دریافت مبلغ اطلاعات خود را تایید کنید. تا ۱۲ ساعت آینده معتبر است,spam
"کاربر گرامی، خرید شما از درگاه پرداخت با موفقیت انجام شد (770,000 ریال)",ham
در ادامه جلسه امروز، مغایرت‌های حساب برایتان فرستادم. با تشکر,ham
با سلام و احترام، نسخه نهایی سند به پیوست تقدیم می‌گردد. ممنون از همکاری شما شماره سند: 6527,ham
پیرو تماس تلفنی، لیست قیمت محصولات به پیوست تقدیم می‌گردد. لطفا تایید بفرمایید شماره سند: 7406,ham
در ادامه جلسه امروز، مستندات فنی در سامانه بارگذاری شد. ارادتمند شماره سند: 4633,ham
عزیز، مرسوله پستی شما نیاز به بازبینی دارد. کد ارسال‌شده را برای ما بفرستید.,spam
کاربر محترم، سهام عدالت شما غیرفعال شده است. قبل از حذف. مبلغ ۵۰۰ هزار تومان را واریز کنید. click.pay-ir.tk,spam
عطف به نامه شماره، گزارش ماهانه برایتان فرستادم. با تشکر شماره سند: 4115,ham
مشترک گرامی، حساب کاربری شما نیاز به بازبینی دارد. در صورت عدم اقدام حساب مسدود می‌شود. کد ارسال‌شده را برای ما بفرستید. sanam-id.ir,spam
عطف به نامه شماره، لیست قیمت محصولات به پیوست تقدیم می‌گردد. لطفا بررسی و اعلام نظر فرمایید,ham
گرامی، سفته شما ناقص است. برای جلوگیری از قطع. رمز پویای خود را ارسال نمایید. t.me/fastloan,spam
پیرو تماس تلفنی، پیش‌فاکتور به پیوست تقدیم می‌گردد. با تشکر شماره سند: 6191,ham
با سلام و احترام، قرارداد همکاری به پیوست تقدیم می‌گردد. ممنون از همکاری شما شماره سند: 4844,ham
حساب شما برای دریافت یک خودرو شدید! برای دریافت جایزه جهت تمدید اطلاعات کارت را وارد نمایید. فرصت محدود است bit.ly/3xkLm,spam
مشترک گرامی، سهام عدالت شما در آستانه مسدودی است. فرم پیوست را تکمیل کنید. my-bank-ir.xyz,spam
"کاربر گرامی، خرید شما از درگاه پرداخت با موفقیت انجام شد (240,000 ریال)",ham
گرامی، سیم‌کارت شما غیرفعال شده است. اطلاعات کارت را وارد نمایید.,spam
پیرو مذاکرات حضوری، لیست قیمت محصولات به پیوست تقدیم می‌گردد. لطفا بررسی و اعلام نظر فرمایید شماره سند: 5600,ham
شما برنده کمک هزینه نقدی شدید! برای دریافت هدیه اطلاعات کارت را وارد نمایید. فرصت محدود است,spam
عزیز، دسته چک شما دارای بدهی است. روی لینک کلیک کنید. my-bank-ir.xyz,spam
هموطن عزیز، سفته شما مسدود شده است. جهت جلوگیری از جریمه. جهت تمدید اطلاعات کارت را وارد نمایید.,spam
گرامی، مرسوله پستی شما به پایان رسیده است. حداکثر تا ۲۴ ساعت دیگر. فرم پیوست را تکمیل کنید. sanam-id.ir,spam
کاربر محترم، حساب بانکی شما ناقص است. از طریق درگاه زیر پرداخت کنید.,spam
محترم، سفته شما نیاز به بازبینی دارد. با شماره ۰۹۱۲۰۰۰۰۰۰۰ تماس بگیرید. click.pay-ir.tk,spam
تبریک! شما ۲۰ میلیون تومان شدید! برای دریافت مبلغ مبلغ ۵۰۰ هزار تومان را واریز کنید. همین حالا اقدام کنید ir-verify.ir/login,spam
عزیز، حساب بانکی شما غیرفعال شده است. جهت جلوگیری از جریمه. رمز پویای خود را ارسال نمایید.,spam
"مشترک گرامی، قبض این دوره شما به مبلغ 300,000 ریال صادر شد",ham
"مشتری گرامی، برداشت از حساب شما به مبلغ 750,000 ریال انجام شد. موجودی: 750,000 ریال",ham
پیرو تماس تلفنی، برآورد هزینه پیوست است. در صورت مغایرت اطلاع دهید,ham
با سلام و احترام، پیش‌فاکتور پیوست است. منتظر نظر شما هستم,ham
شما برنده ۲۰ میلیون تومان شدید! برای دریافت جایزه فرم پیوست را تکمیل کنید. تا ۱۲ ساعت آینده معتبر است,spam
پیرو تماس تلفنی، مطالعات امکان‌سنجی برایتان فرستادم. منتظر نظر شما هستم,ham
"مشترک گرامی، قبض این دوره شما به مبلغ 810,000 ریال صادر شد",ham
"مشترک گرامی، قبض این دوره شما به مبلغ 700,000 ریال صادر شد",ham
"واریز به حساب شما: 600,000 ریال. بابت: حقوق",ham
هموطن عزیز، سهام عدالت شما در انتظار تایید است. اطلاعات کارت را وارد نمایید. ir-verify.ir/login,spam
سلام، وقت بخیر، لیست قیمت محصولات در سامانه بارگذاری شد. ممنون از همکاری شما شماره سند: 7430,ham
پیرو تماس تلفنی، صورت‌جلسه خدمتتان ارسال کردم. با تشکر,ham
هموطن عزیز، کارت بانکی شما تعلیق شده است. با شماره ۰۹۱۲۰۰۰۰۰۰۰ تماس بگیرید. ir-verify.ir/login,spam
مشترک گرامی، ابلاغیه قضایی شما مسدود شده است. برای جلوگیری از قطع. فرم پیوست را تکمیل کنید. sanam-id.ir,spam
"مشتری گرامی، برداشت از حساب شما به مبلغ 140,000 ریال انجام شد. موجودی: 140,000 ریال",ham
مشترک گرامی، پایانه فروشگاهی شما نیاز به تمدید دارد. اطلاعات خود را تایید کنید. sanam-id.ir,spam
مشترک گرامی، پرونده شکایت از شما در انتظار تایید است. وگرنه پرونده به مراجع قضایی ارجاع می‌شود. جهت تمدید اطلاعات کارت را وارد نمایید.,spam
پیرو مذاکرات حضوری، برآورد هزینه در سامانه بارگذاری شد. با تشکر,ham
سلام، وقت بخیر، برآورد هزینه ارسال شد. ممنون از همکاری شما,ham
"واریز به حساب شما: 820,000 ریال. بابت: فروش",ham
پیرو تماس تلفنی، مغایرت‌های حساب به پیوست تقدیم می‌گردد. ارادتمند,ham
"یادآوری: قسط وام شما به مبلغ 580,000 ریال در تاریخ ۱۴۰۵/۰4/۱2 سررسید می‌شود",ham
عزیز، بسته اینترنت شما مسدود شده است. تا پایان امروز فرصت دارید. از طریق درگاه زیر پرداخت کنید.,spam
محترم، بسته اینترنت شما در آستانه مسدودی است. برای جلوگیری از قطع. فرم پیوست را تکمیل کنید. bit.ly/3xkLm,spam
سلام، وقت بخیر، مطالعات امکان‌سنجی در سامانه بارگذاری شد. در صورت مغایرت اطلاع دهید,ham
پیرو تماس تلفنی، نسخه نهایی سند در سامانه بارگذاری شد. لطفا تایید بفرمایید شماره سند: 8381,ham
مشترک گرامی، پرونده شکایت از شما مسدود شده است. کد ارسال‌شده را برای ما بفرستید. click.pay-ir.tk,spam
تبریک! شما ۱۰۰ میلیون ریال شدید! برای دریافت مبلغ مبلغ ۵۰۰ هزار تومان را واریز کنید. همین حالا اقدام کنید bit.ly/3xkLm,spam
"مشترک گرامی، قبض این دوره شما به مبلغ 690,000 ریال صادر شد",ham
حساب شما برای دریافت کمک هزینه نقدی شدید! برای دریافت هدیه با شماره ۰۹۱۲۰۰۰۰۰۰۰ تماس بگیرید. همین حالا اقدام کنید bit.ly/3xkLm,spam
عزیز، یارانه شما نیاز به تمدید دارد. در غیر این صورت مسدود خواهد شد. رمز پویای خود را ارسال نمایید. my-bank-ir.xyz,spam
"مشترک گرامی، قبض این دوره شما به مبلغ 850,000 ریال صادر شد",ham
"کاربر گرامی، خرید شما از درگاه پرداخت با موفقیت انجام شد (110,000 ریال)",ham
عزیز، سهام عدالت شما مسدود شده است. در غیر این صورت مسدود خواهد شد. کد ارسال‌شده را برای ما بفرستید. bit.ly/3xkLm,spam
سلام، وقت بخیر، نسخه نهایی سند ارسال شد. لطفا تایید بفرمایید شماره سند: 4651,ham
حساب شما برای دریافت ۵۰ میلیون تومان شدید! برای دریافت جایزه فرم پیوست را تکمیل کنید. فرصت محدود است click.pay-ir.tk,spam
محترم، پایانه فروشگاهی شما در انتظار تایید است. کد ارسال‌شده را برای ما بفرستید.,spam
شما برنده کمک هزینه نقدی شدید! برای دریافت هدیه جهت تمدید اطلاعات کارت را وارد نمایید. همین حالا اقدام کنید,spam
عطف به نامه شماره، گزارش ماهانه به پیوست تقدیم می‌گردد. لطفا بررسی و اعلام نظر فرمایید,ham
گرامی، سهام عدالت شما نیاز به تمدید دارد. حداکثر تا ۲۴ ساعت دیگر. مبلغ ۵۰۰ هزار تومان را واریز کنید.,spam
گرامی، پرونده مالیاتی شما نیاز به تمدید دارد. در صورت عدم اقدام حساب مسدود می‌شود. روی لینک کلیک کنید. my-bank-ir.xyz,spam
کاربر محترم، یارانه شما در انتظار تایید است. حداکثر تا ۲۴ ساعت دیگر. رمز پویای خود را ارسال نمایید. sanam-id.ir,spam
عزیز، یارانه شما غیرفعال شده است. جهت جلوگیری از جریمه. کد ارسال‌شده را برای ما بفرستید. sanam-id.ir,spam
هموطن عزیز، سیم‌کارت شما دارای بدهی است. تا پایان امروز فرصت دارید. با شماره ۰۹۱۲۰۰۰۰۰۰۰ تماس بگیرید. click.pay-ir.tk,spam
هموطن عزیز، حساب کاربری شما در آستانه مسدودی است. اطلاعات کارت را وارد نمایید.,spam
"مشتری گرامی، برداشت از حساب شما به مبلغ 540,000 ریال انجام شد. موجودی: 540,000 ریال",ham
پیرو تماس تلفنی، قرارداد همکاری خدمتتان ارسال کردم. در صورت مغایرت اطلاع دهید شماره سند: 2492,ham
مشترک گرامی، پایانه فروشگاهی شما نیاز به تمدید دارد. تا پایان امروز فرصت دارید. روی لینک کلیک کنید. ir-verify.ir/login,spam
عزیز، مرسوله پستی شما نیاز به بازبینی دارد. وگرنه پرونده به مراجع قضایی ارجاع می‌شود. کد ارسال‌شده را برای ما بفرستید. ir-verify.ir/login,spam
در ادامه جلسه امروز، گزارش ماهانه پیوست است. ارادتمند,ham
مشترک گرامی، پرونده مالیاتی شما مسدود شده است. فرم پیوست را تکمیل کنید.,spam
با سلام و احترام، مستندات فنی در سامانه بارگذاری شد. منتظر نظر شما هستم شماره سند: 4452,ham
مشترک گرامی، سهام عدالت شما دارای بدهی است. برای جلوگیری از قطع. اطلاعات خود را تایید کنید. my-bank-ir.xyz,spam
مشترک گرامی، حساب بانکی شما نیاز به تمدید دارد. قبل از حذف. اطلاعات خود را تایید کنید.,spam
"واریز به حساب شما: 530,000 ریال. بابت: فروش",ham
کاربر محترم، پرونده شکایت از شما به پایان رسیده است. در صورت عدم اقدام حساب مسدود می‌شود. فرم پیوست را تکمیل کنید. bit.ly/3xkLm,spam
"مشترک گرامی، قبض این دوره شما به مبلغ 370,000 ریال صادر شد",ham
با سلام و احترام، قرارداد همکاری به پیوست تقدیم می‌گردد. لطفا تایید بفرمایید,ham
تبریک! شما ۵۰ میلیون تومان شدید! برای دریافت جایزه از طریق درگاه زیر پرداخت کنید. همین حالا اقدام کنید,spam
محترم، پایانه فروشگاهی شما دارای بدهی است. با شماره ۰۹۱۲۰۰۰۰۰۰۰ تماس بگیرید. my-bank-ir.xyz,spam
محترم، سفته شما نیاز به تمدید دارد. با شماره ۰۹۱۲۰۰۰۰۰۰۰ تماس بگیرید. click.pay-ir.tk,spam
"واریز به حساب شما: 180,000 ریال. بابت: فروش",ham
"واریز به حساب شما: 850,000 ریال. بابت: حقوق",ham
حساب شما برای دریافت کمک هزینه نقدی شدید! برای دریافت هدیه جهت تمدید اطلاعات کارت را وارد نمایید. همین حالا اقدام کنید t.me/fastloan,spam
با سلام و احترام، صورت‌جلسه به پیوست تقدیم می‌گردد. منتظر نظر شما هستم,ham
پیرو تماس تلفنی، قرارداد همکاری خدمتتان ارسال کردم. لطفا بررسی و اعلام نظر فرمایید,ham
گرامی، سفته شما در انتظار تایید است. قبل از حذف. روی لینک کلیک کنید. t.me/fastloan,spam
با سلام و احترام، اسکن فاکتور خدمتتان ارسال کردم. در صورت مغایرت اطلاع دهید,ham
محترم، بسته اینترنت شما در انتظار تایید است. در صورت عدم اقدام حساب مسدود می‌شود. فرم پیوست را تکمیل کنید.,spam
تبریک! شما ۵۰ میلیون تومان شدید! برای دریافت هدیه با شماره ۰۹۱۲۰۰۰۰۰۰۰ تماس بگیرید. همین حالا اقدام کنید ir-verify.ir/login,spam
عطف به نامه شماره، برآورد هزینه برایتان فرستادم. با تشکر,ham
هموطن عزیز، سهام عدالت شما ناقص است. وگرنه پرونده به مراجع قضایی ارجاع می‌شود. رمز پویای خود را ارسال نمایید. sanam-id.ir,spam
با سلام و احترام، گزارش ماهانه خدمتتان ارسال کردم. لطفا تایید بفرمایید,ham
پیرو مذاکرات حضوری، لیست قیمت محصولات برایتان فرستادم. لطفا تایید بفرمایید شماره سند: 9706,ham
گرامی، دسته چک شما نیاز به تمدید دارد. جهت جلوگیری از جریمه. با شماره ۰۹۱۲۰۰۰۰۰۰۰ تماس بگیرید. my-bank-ir.xyz,spam
هموطن عزیز، پایانه فروشگاهی شما مسدود شده است. برای جلوگیری از قطع. مبلغ ۵۰۰ هزار تومان را واریز کنید. click.pay-ir.tk,spam
هموطن عزیز، سیم‌کارت شما ناقص است. تا پایان امروز فرصت دارید. مبلغ ۵۰۰ هزار تومان را واریز کنید. click.pay-ir.tk,spam
در ادامه جلسه امروز، صورت‌جلسه در سامانه بارگذاری شد. با تشکر,ham
عزیز، پرونده مالیاتی شما مسدود شده است. از طریق درگاه زیر پرداخت کنید. sanam-id.ir,spam
مشترک گرامی، دسته چک شما غیرفعال شده است. قبل از حذف. رمز پویای خود را ارسال نمایید.,spam
محترم، یارانه شما تعلیق شده است. برای جلوگیری از قطع. با شماره ۰۹۱۲۰۰۰۰۰۰۰ تماس بگیرید. t.me/fastloan,spam
تبریک! شما کمک هزینه نقدی شدید! برای دریافت جایزه کد ارسال‌شده را برای ما بفرستید. فرصت محدود است t.me/fastloan,spam
محترم، کارت بانکی شما غیرفعال شده است. تا پایان امروز فرصت دارید. اطلاعات کارت را وارد نمایید. sanam-id.ir,spam
گرامی، سفته شما در انتظار تایید است. تا پایان امروز فرصت دارید. با شماره ۰۹۱۲۰۰۰۰۰۰۰ تماس بگیرید. my-bank-ir.xyz,spam
محترم، حساب کاربری شما مسدود شده است. مبلغ ۵۰۰ هزار تومان را واریز کنید.,spam
با سلام و احترام، گزارش ماهانه برایتان فرستادم. لطفا بررسی و اعلام نظر فرمایید,ham
"کاربر گرامی، خرید شما از درگاه پرداخت با موفقیت انجام شد (850,000 ریال)",ham
"یادآوری: قسط وام شما به مبلغ 510,000 ریال در تاریخ ۱۴۰۵/۰2/۱6 سررسید می‌شود",ham
"مشترک گرامی، قبض این دوره شما به مبلغ 200,000 ریال صادر شد",ham
مشترک گرامی، یارانه شما مسدود شده است. در صورت عدم اقدام حساب مسدود می‌شود. روی لینک کلیک کنید. click.pay-ir.tk,spam
شما برنده ۵۰ میلیون تومان شدید! برای دریافت مبلغ با شماره ۰۹۱۲۰۰۰۰۰۰۰ تماس بگیرید. تا ۱۲ ساعت آینده معتبر است,spam
هموطن عزیز، سهام عدالت شما در انتظار تایید است. اطلاعات کارت را وارد نمایید. t.me/fastloan,spam
شما برنده یک خودرو شدید! برای دریافت هدیه جهت تمدید اطلاعات کارت را وارد نمایید. تا ۱۲ ساعت آینده معتبر است,spam
سلام، وقت بخیر، برآورد هزینه در سامانه بارگذاری شد. لطفا تایید بفرمایید شماره سند: 4170,ham
عطف به نامه شماره، برآورد هزینه خدمتتان ارسال کردم. لطفا بررسی و اعلام نظر فرمایید,ham
محترم، مرسوله پستی شما مسدود شده است. اطلاعات کارت را وارد نمایید. sanam-id.ir,spam
هموطن عزیز، پایانه فروشگاهی شما نیاز به تمدید دارد. تا پایان امروز فرصت دارید. با شماره ۰۹۱۲۰۰۰۰۰۰۰ تماس بگیرید. ir-verify.ir/login,spam
"واریز به حساب شما: 770,000 ریال. بابت: یارانه",ham
مشترک گرامی، مرسوله پستی شما در آستانه مسدودی است. حداکثر تا ۲۴ ساعت دیگر. روی لینک کلیک کنید. t.me/fastloan,spam
هموطن عزیز، دسته چک شما به پایان رسیده است. اطلاعات خود را تایید کنید. my-bank-ir.xyz,spam
هموطن عزیز، پرونده مالیاتی شما غیرفعال شده است. در صورت عدم اقدام حساب مسدود می‌شود. مبلغ ۵۰۰ هزار تومان را واریز کنید.,spam
"واریز به حساب شما: 470,000 ریال. بابت: حقوق",ham
تبریک! شما کمک هزینه نقدی شدید! برای دریافت مبلغ اطلاعات کارت را وارد نمایید. فرصت محدود است my-bank-ir.xyz,spam
با سلام و احترام، لیست قیمت محصولات برایتان فرستادم. منتظر نظر شما هستم,ham
سلام، وقت بخیر، لیست قیمت محصولات خدمتتان ارسال کردم. ممنون از همکاری شما شماره سند: 9055,ham
عزیز، سهام عدالت شما دارای بدهی است. حداکثر تا ۲۴ ساعت دیگر. اطلاعات کارت را وارد نمایید.,spam
کاربر محترم، حساب بانکی شما مسدود شده است. جهت تمدید اطلاعات کارت را وارد نمایید.,spam
شما برنده کمک هزینه نقدی شدید! برای دریافت جایزه اطلاعات خود را تایید کنید. تا ۱۲ ساعت آینده معتبر است,spam
محترم، یارانه شما غیرفعال شده است. وگرنه پرونده به مراجع قضایی ارجاع می‌شود. با شماره ۰۹۱۲۰۰۰۰۰۰۰ تماس بگیرید. click.pay-ir.tk,spam
عزیز، حساب بانکی شما ناقص است. برای جلوگیری از قطع. فرم پیوست را تکمیل کنید. t.me/fastloan,spam
تبریک! شما ۵۰ میلیون تومان شدید! برای دریافت هدیه مبلغ ۵۰۰ هزار تومان را واریز کنید. تا ۱۲ ساعت آینده معتبر است,spam
محترم، سهام عدالت شما غیرفعال شده است. روی لینک کلیک کنید. ir-verify.ir/login,spam
کاربر محترم، حساب کاربری شما ناقص است. روی لینک کلیک کنید. ir-verify.ir/login,spam
"واریز به حساب شما: 40,000 ریال. بابت: بازگشت وجه",ham
محترم، سیم‌کارت شما تعلیق شده است. تا پایان امروز فرصت دارید. اطلاعات خود را تایید کنید.,spam
گرامی، بسته اینترنت شما نیاز به تمدید دارد. اطلاعات کارت را وارد نمایید.,spam
پیرو مذاکرات حضوری، مطالعات امکان‌سنجی خدمتتان ارسال کردم. ممنون از همکاری شما شماره سند: 7025,ham
مشترک گرامی، حساب کاربری شما نیاز به بازبینی دارد. با شماره ۰۹۱۲۰۰۰۰۰۰۰ تماس بگیرید. sanam-id.ir,spam
پیرو تماس تلفنی، مستندات فنی خدمتتان ارسال کردم. منتظر نظر شما هستم,ham
هموطن عزیز، پرونده مالیاتی شما نیاز به تمدید دارد. وگرنه پرونده به مراجع قضایی ارجاع می‌شود. با شماره ۰۹۱۲۰۰۰۰۰۰۰ تماس بگیرید. bit.ly/3xkLm,spam
کاربر محترم، حساب کاربری شما مسدود شده است. اطلاعات خود را تایید کنید. bit.ly/3xkLm,spam
"مشترک گرامی، قبض این دوره شما به مبلغ 730,000 ریال صادر شد",ham
محترم، بسته اینترنت شما غیرفعال شده است. برای جلوگیری از قطع. اطلاعات خود را تایید کنید.,spam
محترم، پرونده شکایت از شما تعلیق شده است. اطلاعات کارت را وارد نمایید.,spam
سلام، وقت بخیر، پیشنهاد قیمت پروژه ارسال شد. ممنون از همکاری شما,ham
گرامی، سهام عدالت شما نیاز به تمدید دارد. جهت جلوگیری از جریمه. با شماره ۰۹۱۲۰۰۰۰۰۰۰ تماس بگیرید.,spam
هموطن عزیز، حساب کاربری شما دارای بدهی است. اطلاعات کارت را وارد نمایید. my-bank-ir.xyz,spam
گرامی، کارت بانکی شما ناقص است. در صورت عدم اقدام حساب مسدود می‌شود. از طریق درگاه زیر پرداخت کنید.,spam
عزیز، بسته اینترنت شما نیاز به تمدید دارد. وگرنه پرونده به مراجع قضایی ارجاع می‌شود. اطلاعات کارت را وارد نمایید. t.me/fastloan,spam
پیرو مذاکرات حضوری، مغایرت‌های حساب به پیوست تقدیم می‌گردد. ارادتمند,ham
مشترک گرامی، مرسوله پستی شما مسدود شده است. جهت جلوگیری از جریمه. جهت تمدید اطلاعات کارت را وارد نمایید.,spam
شما برنده یک خودرو شدید! برای دریافت مبلغ روی لینک کلیک کنید. همین حالا اقدام کنید sanam-id.ir,spam
سلام، وقت بخیر، اسکن فاکتور برایتان فرستادم. لطفا تایید بفرمایید,ham
پیرو مذاکرات حضوری، برآورد هزینه خدمتتان ارسال کردم. ممنون از همکاری شما,ham
در ادامه جلسه امروز، نسخه نهایی سند به پیوست تقدیم می‌گردد. منتظر نظر شما هستم,ham
پیرو تماس تلفنی، اسکن فاکتور خدمتتان ارسال کردم. ارادتمند,ham
کاربر محترم، سفته شما دارای بدهی است. جهت جلوگیری از جریمه. با شماره ۰۹۱۲۰۰۰۰۰۰۰ تماس بگیرید.,spam
سلام، وقت بخیر، اسکن فاکتور پیوست است. ممنون از همکاری شما,ham
کاربر محترم، سیم‌کارت شما ناقص است. حداکثر تا ۲۴ ساعت دیگر. اطلاعات کارت را وارد نمایید.,spam
عزیز، سیم‌کارت شما دارای بدهی است. وگرنه پرونده به مراجع قضایی ارجاع می‌شود. رمز پویای خود را ارسال نمایید.,spam
پیرو تماس تلفنی، اسکن فاکتور ارسال شد. در صورت مغایرت اطلاع دهید شماره سند: 4530,ham
کاربر محترم، کارت بانکی شما در آستانه مسدودی است. وگرنه پرونده به مراجع قضایی ارجاع می‌شود. با شماره ۰۹۱۲۰۰۰۰۰۰۰ تماس بگیرید. sanam-id.ir,spam
شما برنده کمک هزینه نقدی شدید! برای دریافت جایزه اطلاعات کارت را وارد نمایید. همین حالا اقدام کنید,spam
عزیز، بسته اینترنت شما غیرفعال شده است. قبل از حذف. کد ارسال‌شده را برای ما بفرستید.,spam
عطف به نامه شماره، مستندات فنی پیوست است. لطفا بررسی و اعلام نظر فرمایید,ham
پیرو تماس تلفنی، نسخه نهایی سند به پیوست تقدیم می‌گردد. ممنون از همکاری شما,ham
کاربر محترم، پرونده شکایت از شما دارای بدهی است. روی لینک کلیک کنید.,spam
کاربر محترم، حساب کاربری شما نیاز به بازبینی دارد. کد ارسال‌شده را برای ما بفرستید. ir-verify.ir/login,spam
گرامی، یارانه شما در انتظار تایید است. در غیر این صورت مسدود خواهد شد. رمز پویای خود را ارسال نمایید. t.me/fastloan,spam
گرامی، یارانه شما در آستانه مسدودی است. تا پایان امروز فرصت دارید. با شماره ۰۹۱۲۰۰۰۰۰۰۰ تماس بگیرید.,spam
"کاربر گرامی، خرید شما از درگاه پرداخت با موفقیت انجام شد (440,000 ریال)",ham
تبریک! شما ۵۰ میلیون تومان شدید! برای دریافت مبلغ مبلغ ۵۰۰ هزار تومان را واریز کنید. فرصت محدود است,spam
عطف به نامه شماره، برآورد هزینه برایتان فرستادم. در صورت مغایرت اطلاع دهید,ham
عزیز، حساب بانکی شما تعلیق شده است. در صورت عدم اقدام حساب مسدود می‌شود. کد ارسال‌شده را برای ما بفرستید. bit.ly/3xkLm,spam
محترم، حساب کاربری شما دارای بدهی است. در غیر این صورت مسدود خواهد شد. مبلغ ۵۰۰ هزار تومان را واریز کنید.,spam
کاربر محترم، سهام عدالت شما نیاز به بازبینی دارد. حداکثر تا ۲۴ ساعت دیگر. رمز پویای خود را ارسال نمایید. ir-verify.ir/login,spam
هموطن عزیز، پرونده شکایت از شما تعلیق شده است. تا پایان امروز فرصت دارید. با شماره ۰۹۱۲۰۰۰۰۰۰۰ تماس بگیرید. ir-verify.ir/login,spam
عزیز، مرسوله پستی شما ناقص است. قبل از حذف. جهت تمدید اطلاعات کارت را وارد نمایید.,spam
مشترک گرامی، ابلاغیه قضایی شما ناقص است. مبلغ ۵۰۰ هزار تومان را واریز کنید.,spam
سلام، وقت بخیر، نسخه نهایی سند به پیوست تقدیم می‌گردد. ممنون از همکاری شما شماره سند: 5422,ham
عزیز، بسته اینترنت شما تعلیق شده است. قبل از حذف. رمز پویای خود را ارسال نمایید.,spam
"یادآوری: قسط وام شما به مبلغ 280,000 ریال در تاریخ ۱۴۰۵/۰2/۱3 سررسید می‌شود",ham
محترم، کارت بانکی شما مسدود شده است. قبل از حذف. فرم پیوست را تکمیل کنید. ir-verify.ir/login,spam
"واریز به حساب شما: 900,000 ریال. بابت: حقوق",ham
حساب شما برای دریافت ۱۰۰ میلیون ریال شدید! برای دریافت هدیه روی لینک کلیک کنید. فرصت محدود است ir-verify.ir/login,spam
"یادآوری: قسط وام شما به مبلغ 700,000 ریال در تاریخ ۱۴۰۵/۰3/۱4 سررسید می‌شود",ham
با سلام و احترام، صورت‌جلسه برایتان فرستادم. در صورت مغایرت اطلاع دهید شماره سند: 9468,ham
تبریک! شما ۵۰ میلیون تومان شدید! برای دریافت مبلغ رمز پویای خود را ارسال نمایید. فرصت محدود است my-bank-ir.xyz,spam
عزیز، سهام عدالت شما غیرفعال شده است. برای جلوگیری از قطع. اطلاعات خود را تایید کنید. t.me/fastloan,spam
در ادامه جلسه امروز، اسکن فاکتور در سامانه بارگذاری شد. ممنون از همکاری شما,ham
گرامی، دسته چک شما ناقص است. از طریق درگاه زیر پرداخت کنید. click.pay-ir.tk,spam
هموطن عزیز، دسته چک شما تعلیق شده است. قبل از حذف. رمز پویای خود را ارسال نمایید. ir-verify.ir/login,spam
گرامی، ابلاغیه قضایی شما ناقص است. فرم پیوست را تکمیل کنید.,spam
در ادامه جلسه امروز، مطالعات امکان‌سنجی در سامانه بارگذاری شد. با تشکر,ham
پیرو تماس تلفنی، لیست قیمت محصولات خدمتتان ارسال کردم. با تشکر شماره سند: 9148,ham
در ادامه جلسه امروز، صورت‌جلسه در سامانه بارگذاری شد. با تشکر,ham
گرامی، حساب بانکی شما دارای بدهی است. وگرنه پرونده به مراجع قضایی ارجاع می‌شود. اطلاعات خود را تایید کنید. ir-verify.ir/login,spam
عزیز، سفته شما نیاز به بازبینی دارد. قبل از حذف. اطلاعات کارت را وارد نمایید.,spam
"مشترک گرامی، قبض این دوره شما به مبلغ 60,000 ریال صادر شد",ham
گرامی، سفته شما مسدود شده است. کد ارسال‌شده را برای ما بفرستید.,spam
با سلام و احترام، مغایرت‌های حساب به پیوست تقدیم می‌گردد. لطفا بررسی و اعلام نظر فرمایید,ham
عطف به نامه شماره، لیست قیمت محصولات خدمتتان ارسال کردم. با تشکر,ham
عزیز، سهام عدالت شما به پایان رسیده است. حداکثر تا ۲۴ ساعت دیگر. جهت تمدید اطلاعات کارت را وارد نمایید. click.pay-ir.tk,spam
عطف به نامه شماره، مستندات فنی خدمتتان ارسال کردم. لطفا بررسی و اعلام نظر فرمایید شماره سند: 5033,ham
کاربر محترم، یارانه شما نیاز به تمدید دارد. برای جلوگیری از قطع. رمز پویای خود را ارسال نمایید. sanam-id.ir,spam
کاربر محترم، پایانه فروشگاهی شما در آستانه مسدودی است. جهت جلوگیری از جریمه. روی لینک کلیک کنید. bit.ly/3xkLm,spam
مشترک گرامی، سفته شما در انتظار تایید است. وگرنه پرونده به مراجع قضایی ارجاع می‌شود. رمز پویای خود را ارسال نمایید. click.pay-ir.tk,spam
عطف به نامه شماره، پیش‌فاکتور برایتان فرستادم. لطفا بررسی و اعلام نظر فرمایید,ham
کاربر محترم، پرونده شکایت از شما تعلیق شده است. فرم پیوست را تکمیل کنید. sanam-id.ir,spam
محترم، بسته اینترنت شما نیاز به تمدید دارد. مبلغ ۵۰۰ هزار تومان را واریز کنید.,spam
گرامی، یارانه شما مسدود شده است. در غیر این صورت مسدود خواهد شد. روی لینک کلیک کنید. click.pay-ir.tk,spam
گرامی، بسته اینترنت شما دارای بدهی است. جهت جلوگیری از جریمه. مبلغ ۵۰۰ هزار تومان را واریز کنید. t.me/fastloan,spam
سلام، وقت بخیر، مطالعات امکان‌سنجی در سامانه بارگذاری شد. با تشکر,ham
مشترک گرامی، حساب کاربری شما نیاز به تمدید دارد. در غیر این صورت مسدود خواهد شد. کد ارسال‌شده را برای ما بفرستید.,spam
عزیز، یارانه شما در آستانه مسدودی است. با شماره ۰۹۱۲۰۰۰۰۰۰۰ تماس بگیرید.,spam
مشترک گرامی، پرونده شکایت از شما در آستانه مسدودی است. اطلاعات خود را تایید کنید. t.me/fastloan,spam
عزیز، پایانه فروشگاهی شما تعلیق شده است. برای جلوگیری از قطع. کد ارسال‌شده را برای ما بفرستید. click.pay-ir.tk,spam
محترم، حساب بانکی شما دارای بدهی است. جهت جلوگیری از جریمه. اطلاعات کارت را وارد نمایید. my-bank-ir.xyz,spam
"کاربر گرامی، خرید شما از درگاه پرداخت با موفقیت انجام شد (120,000 ریال)",ham
عطف به نامه شماره، قرارداد همکاری در سامانه بارگذاری شد. در صورت مغایرت اطلاع دهید,ham
سلام، وقت بخیر، مستندات فنی برایتان فرستادم. با تشکر,ham
کاربر محترم، حساب کاربری شما دارای بدهی است. وگرنه پرونده به مراجع قضایی ارجاع می‌شود. اطلاعات خود را تایید کنید. bit.ly/3xkLm,spam
کاربر محترم، سفته شما در آستانه مسدودی است. وگرنه پرونده به مراجع قضایی ارجاع می‌شود. از طریق درگاه زیر پرداخت کنید. click.pay-ir.tk,spam
سلام، وقت بخیر، گزارش ماهانه در سامانه بارگذاری شد. در صورت مغایرت اطلاع دهید,ham
سلام، وقت بخیر، مستندات فنی در سامانه بارگذاری شد. در صورت مغایرت اطلاع دهید,ham
محترم، مرسوله پستی شما دارای بدهی است. در صورت عدم اقدام حساب مسدود می‌شود. اطلاعات کارت را وارد نمایید.,spam
پیرو مذاکرات حضوری، گزارش ماهانه خدمتتان ارسال کردم. لطفا تایید بفرمایید شماره سند: 3979,ham
"مشتری گرامی، برداشت از حساب شما به مبلغ 620,000 ریال انجام شد. موجودی: 620,000 ریال",ham
هموطن عزیز، حساب کاربری شما مسدود شده است. تا پایان امروز فرصت دارید. اطلاعات کارت را وارد نمایید.,spam
سلام، وقت بخیر، پیشنهاد قیمت پروژه در سامانه بارگذاری شد. ممنون از همکاری شما شماره سند: 9238,ham
تبریک! شما ۱۰۰ میلیون ریال شدید! برای دریافت هدیه رمز پویای خود را ارسال نمایید. تا ۱۲ ساعت آینده معتبر است,spam
با سلام و احترام، نسخه نهایی سند برایتان فرستادم. لطفا تایید بفرمایید,ham
"کاربر گرامی، خرید شما از درگاه پرداخت با موفقیت انجام شد (420,000 ریال)",ham
شما برنده ۵۰ میلیون تومان شدید! برای دریافت جایزه مبلغ ۵۰۰ هزار تومان را واریز کنید. تا ۱۲ ساعت آینده معتبر است my-bank-ir.xyz,spam
محترم، یارانه شما دارای بدهی است. اطلاعات کارت را وارد نمایید. bit.ly/3xkLm,spam
حساب شما برای دریافت ۱۰۰ میلیون ریال شدید! برای دریافت هدیه رمز پویای خود را ارسال نمایید. تا ۱۲ ساعت آینده معتبر است my-bank-ir.xyz,spam
کاربر محترم، کارت بانکی شما دارای بدهی است. فرم پیوست را تکمیل کنید.,spam
پیرو مذاکرات حضوری، لیست قیمت محصولات برایتان فرستادم. ارادتمند شماره سند: 5310,ham
"کاربر گرامی، خرید شما از درگاه پرداخت با موفقیت انجام شد (300,000 ریال)",ham
حساب شما برای دریافت ۵۰ میلیون تومان شدید! برای دریافت مبلغ کد ارسال‌شده را برای ما بفرستید. تا ۱۲ ساعت آینده معتبر است bit.ly/3xkLm,spam
محترم، حساب بانکی شما در انتظار تایید است. برای جلوگیری از قطع. با شماره ۰۹۱۲۰۰۰۰۰۰۰ تماس بگیرید. click.pay-ir.tk,spam
محترم، سهام عدالت شما دارای بدهی است. در صورت عدم اقدام حساب مسدود می‌شود. اطلاعات کارت را وارد نمایید. click.pay-ir.tk,spam
در ادامه جلسه امروز، مستندات فنی به پیوست تقدیم می‌گردد. ارادتمند,ham
گرامی، سیم‌کارت شما مسدود شده است. تا پایان امروز فرصت دارید. کد ارسال‌شده را برای ما بفرستید.,spam
مشترک گرامی، پرونده مالیاتی شما تعلیق شده است. در غیر این صورت مسدود خواهد شد. فرم پیوست را تکمیل کنید. t.me/fastloan,spam
در ادامه جلسه امروز، مستندات فنی برایتان فرستادم. منتظر نظر شما هستم شماره سند: 5117,ham
"مشتری گرامی، برداشت از حساب شما به مبلغ 470,000 ریال انجام شد. موجودی: 470,000 ریال",ham
کاربر محترم، حساب بانکی شما به پایان رسیده است. جهت جلوگیری از جریمه. جهت تمدید اطلاعات کارت را وارد نمایید. click.pay-ir.tk,spam
عطف به نامه شماره، پیشنهاد قیمت پروژه خدمتتان ارسال کردم. در صورت مغایرت اطلاع دهید شماره سند: 1096,ham
"کاربر گرامی، خرید شما از درگاه پرداخت با موفقیت انجام شد (10,000 ریال)",ham
سلام، وقت بخیر، پیش‌فاکتور برایتان فرستادم. منتظر نظر شما هستم,ham
"کاربر گرامی، خرید شما از درگاه پرداخت با موفقیت انجام شد (800,000 ریال)",ham
با سلام و احترام، پیشنهاد قیمت پروژه به پیوست تقدیم می‌گردد. منتظر نظر شما هستم شماره سند: 3639,ham
تبریک! شما ۵۰ میلیون تومان شدید! برای دریافت مبلغ اطلاعات کارت را وارد نمایید. تا ۱۲ ساعت آینده معتبر است,spam
عزیز، دسته چک شما غیرفعال شده است. تا پایان امروز فرصت دارید. روی لینک کلیک کنید. click.pay-ir.tk,spam
در ادامه جلسه امروز، برآورد هزینه برایتان فرستادم. در صورت مغایرت اطلاع دهید,ham
پیرو مذاکرات حضوری، پیشنهاد قیمت پروژه به پیوست تقدیم می‌گردد. با تشکر,ham
کاربر محترم، سیم‌کارت شما ناقص است. مبلغ ۵۰۰ هزار تومان را واریز کنید.,spam
محترم، سیم‌کارت شما دارای بدهی است. اطلاعات خود را تایید کنید.,spam
"واریز به حساب شما: 120,000 ریال. بابت: یارانه",ham
گرامی، دسته چک شما در آستانه مسدودی است. در صورت عدم اقدام حساب مسدود می‌شود. جهت تمدید اطلاعات کارت را وارد نمایید. ir-verify.ir/login,spam
هموطن عزیز، سفته شما در آستانه مسدودی است. فرم پیوست را تکمیل کنید. click.pay-ir.tk,spam
در ادامه جلسه امروز، مغایرت‌های حساب خدمتتان ارسال کردم. در صورت مغایرت اطلاع دهید,ham
عزیز، سهام عدالت شما دارای بدهی است. وگرنه پرونده به مراجع قضایی ارجاع می‌شود. از طریق درگاه زیر پرداخت کنید. click.pay-ir.tk,spam
هموطن عزیز، پرونده شکایت از شما تعلیق شده است. فرم پیوست را تکمیل کنید. bit.ly/3xkLm,spam
عزیز، بسته اینترنت شما در انتظار تایید است. با شماره ۰۹۱۲۰۰۰۰۰۰۰ تماس بگیرید. sanam-id.ir,spam
سلام، وقت بخیر، قرارداد همکاری خدمتتان ارسال کردم. در صورت مغایرت اطلاع دهید,ham
تبریک! شما یک خودرو شدید! برای دریافت جایزه روی لینک کلیک کنید. همین حالا اقدام کنید,spam
سلام، وقت بخیر، مغایرت‌های حساب به پیوست تقدیم می‌گردد. لطفا تایید بفرمایید شماره سند: 1590,ham
پیرو مذاکرات حضوری، اسکن فاکتور در سامانه بارگذاری شد. ممنون از همکاری شما,ham
شما برنده ۵۰ میلیون تومان شدید! برای دریافت جایزه رمز پویای خود را ارسال نمایید. همین حالا اقدام کنید,spam
کاربر محترم، پرونده شکایت از شما غیرفعال شده است. فرم پیوست را تکمیل کنید. bit.ly/3xkLm,spam
هموطن عزیز، سیم‌کارت شما نیاز به تمدید دارد. رمز پویای خود را ارسال نمایید. t.me/fastloan,spam
کاربر محترم، حساب بانکی شما مسدود شده است. در غیر این صورت مسدود خواهد شد. از طریق درگاه زیر پرداخت کنید. sanam-id.ir,spam
عزیز، ابلاغیه قضایی شما ناقص است. در صورت عدم اقدام حساب مسدود می‌شود. روی لینک کلیک کنید.,spam
مشترک گرامی، سفته شما غیرفعال شده است. در صورت عدم اقدام حساب مسدود می‌شود. از طریق درگاه زیر پرداخت کنید. t.me/fastloan,spam
عزیز، سهام عدالت شما ناقص است. در صورت عدم اقدام حساب مسدود می‌شود. مبلغ ۵۰۰ هزار تومان را واریز کنید. sanam-id.ir,spam
"یادآوری: قسط وام شما به مبلغ 320,000 ریال در تاریخ ۱۴۰۵/۰8/۱1 سررسید می‌شود",ham
حساب شما برای دریافت ۱۰۰ میلیون ریال شدید! برای دریافت جایزه رمز پویای خود را ارسال نمایید. همین حالا اقدام کنید t.me/fastloan,spam
سلام، وقت بخیر، صورت‌جلسه خدمتتان ارسال کردم. لطفا بررسی و اعلام نظر فرمایید,ham
شما برنده ۱۰۰ میلیون ریال شدید! برای دریافت جایزه اطلاعات خود را تایید کنید. همین حالا اقدام کنید click.pay-ir.tk,spam
حساب شما برای دریافت ۱۰۰ میلیون ریال شدید! برای دریافت مبلغ مبلغ ۵۰۰ هزار تومان را واریز کنید. همین حالا اقدام کنید click.pay-ir.tk,spam
پیرو مذاکرات حضوری، صورت‌جلسه به پیوست تقدیم می‌گردد. با تشکر,ham
عطف به نامه شماره، مغایرت‌های حساب برایتان فرستادم. لطفا بررسی و اعلام نظر فرمایید,ham
عزیز، کارت بانکی شما به پایان رسیده است. حداکثر تا ۲۴ ساعت دیگر. مبلغ ۵۰۰ هزار تومان را واریز کنید. sanam-id.ir,spam
کاربر محترم، پرونده شکایت از شما دارای بدهی است. اطلاعات خود را تایید کنید.,spam
عطف به نامه شماره، پیشنهاد قیمت پروژه پیوست است. ارادتمند,ham
شما برنده کمک هزینه نقدی شدید! برای دریافت مبلغ با شماره ۰۹۱۲۰۰۰۰۰۰۰ تماس بگیرید. فرصت محدود است sanam-id.ir,spam
مشترک گرامی، حساب کاربری شما به پایان رسیده است. تا پایان امروز فرصت دارید. رمز پویای خود را ارسال نمایید. ir-verify.ir/login,spam
محترم، سفته شما به پایان رسیده است. حداکثر تا ۲۴ ساعت دیگر. روی لینک کلیک کنید. sanam-id.ir,spam
پیرو مذاکرات حضوری، پیش‌فاکتور به پیوست تقدیم می‌گردد. در صورت مغایرت اطلاع دهید,ham
"واریز به حساب شما: 700,000 ریال. بابت: فروش",ham
هموطن عزیز، پرونده مالیاتی شما تعلیق شده است. برای جلوگیری از قطع. فرم پیوست را تکمیل کنید.,spam
سلام، وقت بخیر، مطالعات امکان‌سنجی خدمتتان ارسال کردم. لطفا تایید بفرمایید,ham
حساب شما برای دریافت ۲۰ میلیون تومان شدید! برای دریافت هدیه روی لینک کلیک کنید. تا ۱۲ ساعت آینده معتبر است,spam
با سلام و احترام، مغایرت‌های حساب به پیوست تقدیم می‌گردد. ممنون از همکاری شما,ham
عطف به نامه شماره، گزارش ماهانه پیوست است. با تشکر شماره سند: 4648,ham
"مشتری گرامی، برداشت از حساب شما به مبلغ 510,000 ریال انجام شد. موجودی: 510,000 ریال",ham
با سلام و احترام، نسخه نهایی سند به پیوست تقدیم می‌گردد. در صورت مغایرت اطلاع دهید,ham
عزیز، پرونده شکایت از شما مسدود شده است. قبل از حذف. فرم پیوست را تکمیل کنید. ir-verify.ir/login,spam
پیرو مذاکرات حضوری، قرارداد همکاری خدمتتان ارسال کردم. منتظر نظر شما هستم شماره سند: 8752,ham
"یادآوری: قسط وام شما به مبلغ 680,000 ریال در تاریخ ۱۴۰۵/۰6/۱7 سررسید می‌شود",ham
هموطن عزیز، حساب بانکی شما در انتظار تایید است. وگرنه پرونده به مراجع قضایی ارجاع می‌شود. مبلغ ۵۰۰ هزار تومان را واریز کنید. sanam-id.ir,spam
"واریز به حساب شما: 60,000 ریال. بابت: بازگشت وجه",ham
"یادآوری: قسط وام شما به مبلغ 420,000 ریال در تاریخ ۱۴۰۵/۰1/۱8 سررسید می‌شود",ham
شما برنده یک خودرو شدید! برای دریافت هدیه جهت تمدید اطلاعات کارت را وارد نمایید. همین حالا اقدام کنید ir-verify.ir/login,spam
محترم، ابلاغیه قضایی شما ناقص است. در صورت عدم اقدام حساب مسدود می‌شود. رمز پویای خود را ارسال نمایید. my-bank-ir.xyz,spam
گرامی، حساب بانکی شما در آستانه مسدودی است. برای جلوگیری از قطع. روی لینک کلیک کنید. click.pay-ir.tk,spam
مشترک گرامی، پایانه فروشگاهی شما در آستانه مسدودی است. قبل از حذف. مبلغ ۵۰۰ هزار تومان را واریز کنید.,spam
گرامی، پرونده مالیاتی شما دارای بدهی است. کد ارسال‌شده را برای ما بفرستید. my-bank-ir.xyz,spam
حساب شما برای دریافت ۲۰ میلیون تومان شدید! برای دریافت مبلغ از طریق درگاه زیر پرداخت کنید. همین حالا اقدام کنید,spam
عزیز، حساب بانکی شما ناقص است. در غیر این صورت مسدود خواهد شد. اطلاعات کارت را وارد نمایید. click.pay-ir.tk,spam
محترم، دسته چک شما دارای بدهی است. در صورت عدم اقدام حساب مسدود می‌شود. فرم پیوست را تکمیل کنید. t.me/fastloan,spam
"یادآوری: قسط وام شما به مبلغ 10,000 ریال در تاریخ ۱۴۰۵/۰4/۱6 سررسید می‌شود",ham
"واریز به حساب شما: 580,000 ریال. بابت: فروش",ham
هموطن عزیز، حساب بانکی شما تعلیق شده است. در صورت عدم اقدام حساب مسدود می‌شود. روی لینک کلیک کنید.,spam
گرامی، حساب کاربری شما در آستانه مسدودی است. حداکثر تا ۲۴ ساعت دیگر. اطلاعات کارت را وارد نمایید. click.pay-ir.tk,spam
هموطن عزیز، کارت بانکی شما در انتظار تایید است. روی لینک کلیک کنید. ir-verify.ir/login,spam
مشترک گرامی، ابلاغیه قضایی شما دارای بدهی است. حداکثر تا ۲۴ ساعت دیگر. فرم پیوست را تکمیل کنید. bit.ly/3xkLm,spam
کاربر محترم، مرسوله پستی شما نیاز به تمدید دارد. تا پایان امروز فرصت دارید. مبلغ ۵۰۰ هزار تومان را واریز کنید.,spam
عزیز، پایانه فروشگاهی شما مسدود شده است. در غیر این صورت مسدود خواهد شد. روی لینک کلیک کنید. click.pay-ir.tk,spam
گرامی، ابلاغیه قضایی شما نیاز به تمدید دارد. اطلاعات کارت را وارد نمایید. click.pay-ir.tk,spam
محترم، پرونده شکایت از شما نیاز به بازبینی دارد. وگرنه پرونده به مراجع قضایی ارجاع می‌شود. کد ارسال‌شده را برای ما بفرستید.,spam
عطف به نامه شماره، برآورد هزینه به پیوست تقدیم می‌گردد. لطفا بررسی و اعلام نظر فرمایید,ham
تبریک! شما کمک هزینه نقدی شدید! برای دریافت مبلغ مبلغ ۵۰۰ هزار تومان را واریز کنید. فرصت محدود است,spam
"یادآوری: قسط وام شما به مبلغ 130,000 ریال در تاریخ ۱۴۰۵/۰8/۱9 سررسید می‌شود",ham
پیرو تماس تلفنی، اسکن فاکتور به پیوست تقدیم می‌گردد. منتظر نظر شما هستم,ham
در ادامه جلسه امروز، برآورد هزینه ارسال شد. ارادتمند شماره سند: 5572,ham
سلام، وقت بخیر، پیش‌فاکتور برایتان فرستادم. ممنون از همکاری شما شماره سند: 5237,ham
عطف به نامه شماره، نسخه نهایی سند ارسال شد. با تشکر شماره سند: 8982,ham
مشترک گرامی، پرونده مالیاتی شما به پایان رسیده است. در غیر این صورت مسدود خواهد شد. رمز پویای خود را ارسال نمایید.,spam
محترم، حساب بانکی شما نیاز به تمدید دارد. مبلغ ۵۰۰ هزار تومان را واریز کنید. my-bank-ir.xyz,spam
کاربر محترم، پایانه فروشگاهی شما در انتظار تایید است. وگرنه پرونده به مراجع قضایی ارجاع می‌شود. رمز پویای خود را ارسال نمایید.,spam
شما برنده کمک هزینه نقدی شدید! برای دریافت مبلغ از طریق درگاه زیر پرداخت کنید. فرصت محدود است bit.ly/3xkLm,spam
"مشترک گرامی، قبض این دوره شما به مبلغ 120,000 ریال صادر شد",ham
عطف به نامه شماره، گزارش ماهانه ارسال شد. ممنون از همکاری شما,ham
محترم، یارانه شما تعلیق شده است. تا پایان امروز فرصت دارید. رمز پویای خود را ارسال نمایید. my-bank-ir.xyz,spam
گرامی، پرونده شکایت از شما تعلیق شده است. در صورت عدم اقدام حساب مسدود می‌شود. از طریق درگاه زیر پرداخت کنید. my-bank-ir.xyz,spam
مشترک گرامی، دسته چک شما دارای بدهی است. در صورت عدم اقدام حساب مسدود می‌شود. مبلغ ۵۰۰ هزار تومان را واریز کنید. my-bank-ir.xyz,spam
سلام، وقت بخیر، صورت‌جلسه در سامانه بارگذاری شد. لطفا بررسی و اعلام نظر فرمایید شماره سند: 7113,ham
سلام، وقت بخیر، برآورد هزینه پیوست است. منتظر نظر شما هستم,ham
سلام، وقت بخیر، صورت‌جلسه پیوست است. ممنون از همکاری شما,ham
"مشتری گرامی، برداشت از حساب شما به مبلغ 410,000 ریال انجام شد. موجودی: 410,000 ریال",ham
عطف به نامه شماره، مستندات فنی ارسال شد. ارادتمند شماره سند: 4259,ham
مشترک گرامی، بسته اینترنت شما در انتظار تایید است. کد ارسال‌شده را برای ما بفرستید. t.me/fastloan,spam
مشترک گرامی، ابلاغیه قضایی شما دارای بدهی است. قبل از حذف. مبلغ ۵۰۰ هزار تومان را واریز کنید. ir-verify.ir/login,spam
با سلام و احترام، مطالعات امکان‌سنجی برایتان فرستادم. منتظر نظر شما هستم شماره سند: 7315,ham
عزیز، پرونده شکایت از شما در انتظار تایید است. قبل از حذف. از طریق درگاه زیر پرداخت کنید. sanam-id.ir,spam
کاربر محترم، حساب کاربری شما نیاز به بازبینی دارد. قبل از حذف. جهت تمدید اطلاعات کارت را وارد نمایید. ir-verify.ir/login,spam
مشترک گرامی، کارت بانکی شما در انتظار تایید است. در صورت عدم اقدام حساب مسدود می‌شود. مبلغ ۵۰۰ هزار تومان را واریز کنید. sanam-id.ir,spam
"واریز به حساب شما: 500,000 ریال. بابت: یارانه",ham
هموطن عزیز، بسته اینترنت شما نیاز به بازبینی دارد. برای جلوگیری از قطع. رمز پویای خود را ارسال نمایید.,spam
عطف به نامه شماره، نسخه نهایی سند پیوست است. در صورت مغایرت اطلاع دهید شماره سند: 3913,ham
سلام، وقت بخیر، نسخه نهایی سند به پیوست تقدیم می‌گردد. ممنون از همکاری شما,ham
با سلام و احترام، برآورد هزینه ارسال شد. لطفا بررسی و اعلام نظر فرمایید,ham
مشترک گرامی، مرسوله پستی شما ناقص است. جهت تمدید اطلاعات کارت را وارد نمایید. t.me/fastloan,spam
پیرو تماس تلفنی، برآورد هزینه در سامانه بارگذاری شد. منتظر نظر شما هستم,ham
گرامی، پرونده مالیاتی شما نیاز به تمدید دارد. در غیر این صورت مسدود خواهد شد. اطلاعات خود را تایید کنید. sanam-id.ir,spam
هموطن عزیز، حساب کاربری شما به پایان رسیده است. با شماره ۰۹۱۲۰۰۰۰۰۰۰ تماس بگیرید.,spam
پیرو تماس تلفنی، صورت‌جلسه در سامانه بارگذاری شد. با تشکر,ham
عطف به نامه شماره، لیست قیمت محصولات خدمتتان ارسال کردم. ارادتمند,ham
هموطن عزیز، کارت بانکی شما تعلیق شده است. وگرنه پرونده به مراجع قضایی ارجاع می‌شود. روی لینک کلیک کنید. sanam-id.ir,spam
تبریک! شما ۲۰ میلیون تومان شدید! برای دریافت مبلغ رمز پویای خود را ارسال نمایید. تا ۱۲ ساعت آینده معتبر است sanam-id.ir,spam
مشترک گرامی، پرونده مالیاتی شما در آستانه مسدودی است. کد ارسال‌شده را برای ما بفرستید. t.me/fastloan,spam
"یادآوری: قسط وام شما به مبلغ 80,000 ریال در تاریخ ۱۴۰۵/۰7/۱1 سررسید می‌شود",ham
حساب شما برای دریافت ۵۰ میلیون تومان شدید! برای دریافت هدیه کد ارسال‌شده را برای ما بفرستید. تا ۱۲ ساعت آینده معتبر است,spam
پیرو تماس تلفنی، پیش‌فاکتور پیوست است. لطفا تایید بفرمایید شماره سند: 7387,ham
عطف به نامه شماره، نسخه نهایی سند به پیوست تقدیم می‌گردد. با تشکر,ham
گرامی، یارانه شما تعلیق شده است. برای جلوگیری از قطع. رمز پویای خود را ارسال نمایید.,spam
کاربر محترم، پرونده شکایت از شما در انتظار تایید است. رمز پویای خود را ارسال نمایید.,spam
تبریک! شما یک خودرو شدید! برای دریافت مبلغ رمز پویای خود را ارسال نمایید. فرصت محدود است click.pay-ir.tk,spam
"مشتری گرامی، برداشت از حساب شما به مبلغ 790,000 ریال انجام شد. موجودی: 790,000 ریال",ham
محترم، سیم‌کارت شما ناقص است. تا پایان امروز فرصت دارید. جهت تمدید اطلاعات کارت را وارد نمایید. bit.ly/3xkLm,spam
پیرو مذاکرات حضوری، پیش‌فاکتور خدمتتان ارسال کردم. لطفا بررسی و اعلام نظر فرمایید,ham
حساب شما برای دریافت یک خودرو شدید! برای دریافت هدیه جهت تمدید اطلاعات کارت را وارد نمایید. تا ۱۲ ساعت آینده معتبر است sanam-id.ir,spam
تبریک! شما کمک هزینه نقدی شدید! برای دریافت جایزه اطلاعات کارت را وارد نمایید. همین حالا اقدام کنید my-bank-ir.xyz,spam
شما برنده ۱۰۰ میلیون ریال شدید! برای دریافت هدیه رمز پویای خود را ارسال نمایید. فرصت محدود است,spam
مشترک گرامی، سیم‌کارت شما غیرفعال شده است. اطلاعات کارت را وارد نمایید. ir-verify.ir/login,spam
هموطن عزیز، ابلاغیه قضایی شما در آستانه مسدودی است. حداکثر تا ۲۴ ساعت دیگر. جهت تمدید اطلاعات کارت را وارد نمایید. ir-verify.ir/login,spam
پیرو تماس تلفنی، مطالعات امکان‌سنجی برایتان فرستادم. ارادتمند,ham
کاربر محترم، سهام عدالت شما دارای بدهی است. کد ارسال‌شده را برای ما بفرستید. t.me/fastloan,spam
"مشترک گرامی، قبض این دوره شما به مبلغ 30,000 ریال صادر شد",ham
کاربر محترم، پایانه فروشگاهی شما ناقص است. تا پایان امروز فرصت دارید. با شماره ۰۹۱۲۰۰۰۰۰۰۰ تماس بگیرید.,spam
عزیز، دسته چک شما تعلیق شده است. روی لینک کلیک کنید. bit.ly/3xkLm,spam
گرامی، ابلاغیه قضایی شما نیاز به تمدید دارد. اطلاعات خود را تایید کنید. click.pay-ir.tk,spam
سلام، وقت بخیر، برآورد هزینه ارسال شد. ارادتمند,ham
گرامی، یارانه شما تعلیق شده است. در صورت عدم اقدام حساب مسدود می‌شود. فرم پیوست را تکمیل کنید. t.me/fastloan,spam
تبریک! شما کمک هزینه نقدی شدید! برای دریافت هدیه با شماره ۰۹۱۲۰۰۰۰۰۰۰ تماس بگیرید. تا ۱۲ ساعت آینده معتبر است t.me/fastloan,spam
گرامی، پرونده شکایت از شما مسدود شده است. با شماره ۰۹۱۲۰۰۰۰۰۰۰ تماس بگیرید. sanam-id.ir,spam
مشترک گرامی، سیم‌کارت شما غیرفعال شده است. برای جلوگیری از قطع. اطلاعات کارت را وارد نمایید. t.me/fastloan,spam
شما برنده ۲۰ میلیون تومان شدید! برای دریافت جایزه روی لینک کلیک کنید. تا ۱۲ ساعت آینده معتبر است,spam
محترم، سیم‌کارت شما در آستانه مسدودی است. با شماره ۰۹۱۲۰۰۰۰۰۰۰ تماس بگیرید. bit.ly/3xkLm,spam
"مشترک گرامی، قبض این دوره شما به مبلغ 440,000 ریال صادر شد",ham
"کاربر گرامی، خرید شما از درگاه پرداخت با موفقیت انجام شد (610,000 ریال)",ham
مشترک گرامی، کارت بانکی شما غیرفعال شده است. در غیر این صورت مسدود خواهد شد. اطلاعات خود را تایید کنید.,spam
مشترک گرامی، یارانه شما در انتظار تایید است. برای جلوگیری از قطع. جهت تمدید اطلاعات کارت را وارد نمایید.,spam
عزیز، پرونده شکایت از شما مسدود شده است. در غیر این صورت مسدود خواهد شد. از طریق درگاه زیر پرداخت کنید. sanam-id.ir,spam
در ادامه جلسه امروز، برآورد هزینه خدمتتان ارسال کردم. لطفا بررسی و اعلام نظر فرمایید,ham
در ادامه جلسه امروز، مغایرت‌های حساب برایتان فرستادم. ممنون از همکاری شما شماره سند: 7371,ham
کاربر محترم، دسته چک شما در آستانه مسدودی است. در غیر این صورت مسدود خواهد شد. رمز پویای خود را ارسال نمایید. t.me/fastloan,spam
محترم، سیم‌کارت شما در آستانه مسدودی است. اطلاعات کارت را وارد نمایید. sanam-id.ir,spam
هموطن عزیز، سفته شما نیاز به بازبینی دارد. قبل از حذف. اطلاعات کارت را وارد نمایید. click.pay-ir.tk,spam
"کاربر گرامی، خرید شما از درگاه پرداخت با موفقیت انجام شد (420,000 ریال)",ham
پیرو مذاکرات حضوری، پیش‌فاکتور خدمتتان ارسال کردم. در صورت مغایرت اطلاع دهید,ham
محترم، سیم‌کارت شما ناقص است. فرم پیوست را تکمیل کنید. t.me/fastloan,spam
کاربر محترم، بسته اینترنت شما غیرفعال شده است. کد ارسال‌شده را برای ما بفرستید.,spam
"واریز به حساب شما: 110,000 ریال. بابت: فروش",ham
شما برنده یک خودرو شدید! برای دریافت هدیه رمز پویای خود را ارسال نمایید. فرصت محدود است bit.ly/3xkLm,spam
در ادامه جلسه امروز، لیست قیمت محصولات ارسال شد. ارادتمند,ham
هموطن عزیز، یارانه شما تعلیق شده است. حداکثر تا ۲۴ ساعت دیگر. جهت تمدید اطلاعات کارت را وارد نمایید.,spam
سلام، وقت بخیر، پیشنهاد قیمت پروژه برایتان فرستادم. با تشکر,ham
حساب شما برای دریافت ۵۰ میلیون تومان شدید! برای دریافت هدیه از طریق درگاه زیر پرداخت کنید. تا ۱۲ ساعت آینده معتبر است,spam
محترم، سیم‌کارت شما به پایان رسیده است. وگرنه پرونده به مراجع قضایی ارجاع می‌شود. رمز پویای خود را ارسال نمایید.,spam
محترم، حساب بانکی شما مسدود شده است. رمز پویای خود را ارسال نمایید. ir-verify.ir/login,spam
پیرو تماس تلفنی، پیشنهاد قیمت پروژه در سامانه بارگذاری شد. با تشکر شماره سند: 9542,ham
شما برنده ۱۰۰ میلیون ریال شدید! برای دریافت جایزه با شماره ۰۹۱۲۰۰۰۰۰۰۰ تماس بگیرید. همین حالا اقدام کنید bit.ly/3xkLm,spam
پیرو مذاکرات حضوری، پیشنهاد قیمت پروژه برایتان فرستادم. ممنون از همکاری شما,ham
هموطن عزیز، سهام عدالت شما تعلیق شده است. از طریق درگاه زیر پرداخت کنید. bit.ly/3xkLm,spam
محترم، سهام عدالت شما دارای بدهی است. رمز پویای خود را ارسال نمایید. bit.ly/3xkLm,spam
هموطن عزیز، حساب بانکی شما نیاز به بازبینی دارد. مبلغ ۵۰۰ هزار تومان را واریز کنید. t.me/fastloan,spam
عطف به نامه شماره، مغایرت‌های حساب برایتان فرستادم. لطفا تایید بفرمایید,ham
پیرو مذاکرات حضوری، اسکن فاکتور خدمتتان ارسال کردم. لطفا بررسی و اعلام نظر فرمایید,ham
"واریز به حساب شما: 200,000 ریال. بابت: یارانه",ham
عطف به نامه شماره، قرارداد همکاری برایتان فرستادم. با تشکر شماره سند: 8722,ham
در ادامه جلسه امروز، مغایرت‌های حساب در سامانه بارگذاری شد. ممنون از همکاری شما شماره سند: 2404,ham
سلام، وقت بخیر، لیست قیمت محصولات به پیوست تقدیم می‌گردد. ممنون از همکاری شما,ham
"مشترک گرامی، قبض این دوره شما به مبلغ 670,000 ریال صادر شد",ham
مشترک گرامی، بسته اینترنت شما به پایان رسیده است. جهت جلوگیری از جریمه. با شماره ۰۹۱۲۰۰۰۰۰۰۰ تماس بگیرید. my-bank-ir.xyz,spam
"مشترک گرامی، قبض این دوره شما به مبلغ 890,000 ریال صادر شد",ham
شما برنده کمک هزینه نقدی شدید! برای دریافت جایزه جهت تمدید اطلاعات کارت را وارد نمایید. همین حالا اقدام کنید,spam
هموطن عزیز، مرسوله پستی شما مسدود شده است. جهت جلوگیری از جریمه. اطلاعات خود را تایید کنید. sanam-id.ir,spam
سلام، وقت بخیر، مستندات فنی پیوست است. لطفا بررسی و اعلام نظر فرمایید,ham
پیرو مذاکرات حضوری، نسخه نهایی سند در سامانه بارگذاری شد. ممنون از همکاری شما شماره سند: 7950,ham
تبریک! شما کمک هزینه نقدی شدید! برای دریافت جایزه فرم پیوست را تکمیل کنید. همین حالا اقدام کنید click.pay-ir.tk,spam
هموطن عزیز، پرونده شکایت از شما نیاز به بازبینی دارد. حداکثر تا ۲۴ ساعت دیگر. رمز پویای خود را ارسال نمایید. bit.ly/3xkLm,spam
عزیز، یارانه شما تعلیق شده است. در غیر این صورت مسدود خواهد شد. اطلاعات کارت را وارد نمایید. sanam-id.ir,spam
شما برنده یک خودرو شدید! برای دریافت هدیه روی لینک کلیک کنید. تا ۱۲ ساعت آینده معتبر است sanam-id.ir,spam
محترم، سهام عدالت شما به پایان رسیده است. قبل از حذف. رمز پویای خود را ارسال نمایید. my-bank-ir.xyz,spam
تبریک! شما ۱۰۰ میلیون ریال شدید! برای دریافت هدیه اطلاعات خود را تایید کنید. همین حالا اقدام کنید,spam
هموطن عزیز، پرونده مالیاتی شما در آستانه مسدودی است. در غیر این صورت مسدود خواهد شد. کد ارسال‌شده را برای ما بفرستید. sanam-id.ir,spam
هموطن عزیز، سهام عدالت شما غیرفعال شده است. کد ارسال‌شده را برای ما بفرستید.,spam
با سلام و احترام، نسخه نهایی سند برایتان فرستادم. لطفا تایید بفرمایید شماره سند: 9172,ham
با سلام و احترام، مستندات فنی برایتان فرستادم. لطفا تایید بفرمایید شماره سند: 5314,ham
در ادامه جلسه امروز، مستندات فنی خدمتتان ارسال کردم. ممنون از همکاری شما,ham
مشترک گرامی، پایانه فروشگاهی شما ناقص است. جهت جلوگیری از جریمه. جهت تمدید اطلاعات کارت را وارد نمایید.,spam
گرامی، پرونده مالیاتی شما غیرفعال شده است. قبل از حذف. جهت تمدید اطلاعات کارت را وارد نمایید. ir-verify.ir/login,spam
شما برنده ۵۰ میلیون تومان شدید! برای دریافت جایزه روی لینک کلیک کنید. همین حالا اقدام کنید,spam
عطف به نامه شماره، لیست قیمت محصولات در سامانه بارگذاری شد. منتظر نظر شما هستم,ham
محترم، سهام عدالت شما نیاز به بازبینی دارد. حداکثر تا ۲۴ ساعت دیگر. اطلاعات خود را تایید کنید.,spam
"مشترک گرامی، قبض این دوره شما به مبلغ 750,000 ریال صادر شد",ham
پیرو مذاکرات حضوری، نسخه نهایی سند برایتان فرستادم. منتظر نظر شما هستم,ham
حساب شما برای دریافت ۵۰ میلیون تومان شدید! برای دریافت جایزه اطلاعات کارت را وارد نمایید. فرصت محدود است,spam
محترم، مرسوله پستی شما نیاز به تمدید دارد. فرم پیوست را تکمیل کنید.,spam
تبریک! شما ۲۰ میلیون تومان شدید! برای دریافت مبلغ جهت تمدید اطلاعات کارت را وارد نمایید. فرصت محدود است,spam
عطف به نامه شماره، پیش‌فاکتور برایتان فرستادم. با تشکر,ham
هموطن عزیز، پرونده شکایت از شما نیاز به تمدید دارد. در غیر این صورت مسدود خواهد شد. مبلغ ۵۰۰ هزار تومان را واریز کنید. t.me/fastloan,spam
پیرو تماس تلفنی، صورت‌جلسه برایتان فرستادم. منتظر نظر شما هستم,ham
محترم، پرونده مالیاتی شما مسدود شده است. رمز پویای خود را ارسال نمایید.,spam
حساب شما برای دریافت یک خودرو شدید! برای دریافت مبلغ کد ارسال‌شده را برای ما بفرستید. همین حالا اقدام کنید,spam
عزیز، پرونده شکایت از شما غیرفعال شده است. جهت جلوگیری از جریمه. کد ارسال‌شده را برای ما بفرستید. my-bank-ir.xyz,spam
حساب شما برای دریافت ۲۰ میلیون تومان شدید! برای دریافت مبلغ جهت تمدید اطلاعات کارت را وارد نمایید. تا ۱۲ ساعت آینده معتبر است t.me/fastloan,spam
عزیز، پرونده مالیاتی شما نیاز به بازبینی دارد. قبل از حذف. اطلاعات خود را تایید کنید. my-bank-ir.xyz,spam
"واریز به حساب شما: 440,000 ریال. بابت: حقوق",ham
مشترک گرامی، مرسوله پستی شما نیاز به بازبینی دارد. حداکثر تا ۲۴ ساعت دیگر. از طریق درگاه زیر پرداخت کنید.,spam
هموطن عزیز، یارانه شما غیرفعال شده است. قبل از حذف. روی لینک کلیک کنید.,spam
شما برنده یک خودرو شدید! برای دریافت مبلغ جهت تمدید اطلاعات کارت را وارد نمایید. فرصت محدود است bit.ly/3xkLm,spam
هموطن عزیز، سهام عدالت شما به پایان رسیده است. وگرنه پرونده به مراجع قضایی ارجاع می‌شود. کد ارسال‌شده را برای ما بفرستید. sanam-id.ir,spam
کاربر محترم، پرونده مالیاتی شما دارای بدهی است. جهت جلوگیری از جریمه. از طریق درگاه زیر پرداخت کنید.,spam
هموطن عزیز، بسته اینترنت شما نیاز به تمدید دارد. در صورت عدم اقدام حساب مسدود می‌شود. کد ارسال‌شده را برای ما بفرستید.,spam
در ادامه جلسه امروز، قرارداد همکاری در سامانه بارگذاری شد. در صورت مغایرت اطلاع دهید,ham
"مشتری گرامی، برداشت از حساب شما به مبلغ 320,000 ریال انجام شد. موجودی: 320,000 ریال",ham
شما برنده ۵۰ میلیون تومان شدید! برای دریافت جایزه روی لینک کلیک کنید. تا ۱۲ ساعت آینده معتبر است,spam
هموطن عزیز، حساب بانکی شما غیرفعال شده است. برای جلوگیری از قطع. روی لینک کلیک کنید.,spam
سلام، وقت بخیر، برآورد هزینه در سامانه بارگذاری شد. در صورت مغایرت اطلاع دهید,ham
کاربر محترم، دسته چک شما در انتظار تایید است. حداکثر تا ۲۴ ساعت دیگر. از طریق درگاه زیر پرداخت کنید. bit.ly/3xkLm,spam
"مشترک گرامی، قبض این دوره شما به مبلغ 770,000 ریال صادر شد",ham
گرامی، دسته چک شما مسدود شده است. برای جلوگیری از قطع. فرم پیوست را تکمیل کنید. click.pay-ir.tk,spam
عطف به نامه شماره، برآورد هزینه برایتان فرستادم. لطفا تایید بفرمایید,ham
تبریک! شما ۲۰ میلیون تومان شدید! برای دریافت هدیه رمز پویای خود را ارسال نمایید. فرصت محدود است,spam
گرامی، سفته شما غیرفعال شده است. برای جلوگیری از قطع. کد ارسال‌شده را برای ما بفرستید.,spam
هموطن عزیز، سیم‌کارت شما نیاز به بازبینی دارد. برای جلوگیری از قطع. فرم پیوست را تکمیل کنید. my-bank-ir.xyz,spam
حساب شما برای دریافت کمک هزینه نقدی شدید! برای دریافت مبلغ اطلاعات خود را تایید کنید. همین حالا اقدام کنید ir-verify.ir/login,spam
شما برنده ۵۰ میلیون تومان شدید! برای دریافت مبلغ از طریق درگاه زیر پرداخت کنید. فرصت محدود است,spam
عزیز، یارانه شما نیاز به تمدید دارد. در غیر این صورت مسدود خواهد شد. با شماره ۰۹۱۲۰۰۰۰۰۰۰ تماس بگیرید. ir-verify.ir/login,spam
حساب شما برای دریافت یک خودرو شدید! برای دریافت هدیه رمز پویای خود را ارسال نمایید. همین حالا اقدام کنید,spam
کاربر محترم، حساب کاربری شما مسدود شده است. جهت جلوگیری از جریمه. از طریق درگاه زیر پرداخت کنید. my-bank-ir.xyz,spam
"یادآوری: قسط وام شما به مبلغ 830,000 ریال در تاریخ ۱۴۰۵/۰2/۱1 سررسید می‌شود",ham
سلام، وقت بخیر، صورت‌جلسه خدمتتان ارسال کردم. لطفا بررسی و اعلام نظر فرمایید,ham
پیرو مذاکرات حضوری، قرارداد همکاری به پیوست تقدیم می‌گردد. لطفا بررسی و اعلام نظر فرمایید,ham
شما برنده کمک هزینه نقدی شدید! برای دریافت هدیه کد ارسال‌شده را برای ما بفرستید. تا ۱۲ ساعت آینده معتبر است,spam
عطف به نامه شماره، مستندات فنی ارسال شد. ممنون از همکاری شما شماره سند: 8445,ham
عطف به نامه شماره، پیشنهاد قیمت پروژه ارسال شد. منتظر نظر شما هستم شماره سند: 5127,ham
عطف به نامه شماره، لیست قیمت محصولات به پیوست تقدیم می‌گردد. در صورت مغایرت اطلاع دهید شماره سند: 3847,ham
"مشترک گرامی، قبض این دوره شما به مبلغ 40,000 ریال صادر شد",ham
عطف به نامه شماره، مستندات فنی به پیوست تقدیم می‌گردد. در صورت مغایرت اطلاع دهید,ham
مشترک گرامی، پایانه فروشگاهی شما ناقص است. قبل از حذف. فرم پیوست را تکمیل کنید. bit.ly/3xkLm,spam
هموطن عزیز، حساب کاربری شما در آستانه مسدودی است. برای جلوگیری از قطع. اطلاعات کارت را وارد نمایید. my-bank-ir.xyz,spam
با سلام و احترام، صورت‌جلسه پیوست است. لطفا تایید بفرمایید,ham
گرامی، سفته شما دارای بدهی است. جهت جلوگیری از جریمه. مبلغ ۵۰۰ هزار تومان را واریز کنید.,spam
"کاربر گرامی، خرید شما از درگاه پرداخت با موفقیت انجام شد (320,000 ریال)",ham
در ادامه جلسه امروز، صورت‌جلسه در سامانه بارگذاری شد. در صورت مغایرت اطلاع دهید,ham
سلام، وقت بخیر، قرارداد همکاری به پیوست تقدیم می‌گردد. لطفا بررسی و اعلام نظر فرمایید شماره سند: 5140,ham
گرامی، بسته اینترنت شما غیرفعال شده است. از طریق درگاه زیر پرداخت کنید. bit.ly/3xkLm,spam
"مشتری گرامی، برداشت از حساب شما به مبلغ 410,000 ریال انجام شد. موجودی: 410,000 ریال",ham
کاربر محترم، حساب بانکی شما مسدود شده است. رمز پویای خود را ارسال نمایید.,spam
تبریک! شما ۱۰۰ میلیون ریال شدید! برای دریافت هدیه اطلاعات کارت را وارد نمایید. همین حالا اقدام کنید my-bank-ir.xyz,spam
گرامی، بسته اینترنت شما تعلیق شده است. مبلغ ۵۰۰ هزار تومان را واریز کنید.,spam
حساب شما برای دریافت کمک هزینه نقدی شدید! برای دریافت هدیه فرم پیوست را تکمیل کنید. همین حالا اقدام کنید my-bank-ir.xyz,spam
گرامی، مرسوله پستی شما در انتظار تایید است. تا پایان امروز فرصت دارید. رمز پویای خود را ارسال نمایید. sanam-id.ir,spam
با سلام و احترام، اسکن فاکتور برایتان فرستادم. منتظر نظر شما هستم شماره سند: 7670,ham
شما برنده ۱۰۰ میلیون ریال شدید! برای دریافت جایزه کد ارسال‌شده را برای ما بفرستید. فرصت محدود است,spam
پیرو مذاکرات حضوری، مغایرت‌های حساب در سامانه بارگذاری شد. در صورت مغایرت اطلاع دهید,ham
حساب شما برای دریافت یک خودرو شدید! برای دریافت هدیه رمز پویای خود را ارسال نمایید. همین حالا اقدام کنید bit.ly/3xkLm,spam
عزیز، بسته اینترنت شما غیرفعال شده است. جهت تمدید اطلاعات کارت را وارد نمایید. click.pay-ir.tk,spam
عزیز، حساب بانکی شما به پایان رسیده است. در غیر این صورت مسدود خواهد شد. جهت تمدید اطلاعات کارت را وارد نمایید. bit.ly/3xkLm,spam
مشترک گرامی، سیم‌کارت شما در انتظار تایید است. از طریق درگاه زیر پرداخت کنید. click.pay-ir.tk,spam
"مشترک گرامی، قبض این دوره شما به مبلغ 690,000 ریال صادر شد",ham
عزیز، کارت بانکی شما مسدود شده است. در غیر این صورت مسدود خواهد شد. از طریق درگاه زیر پرداخت کنید.,spam
عطف به نامه شماره، صورت‌جلسه برایتان فرستادم. با تشکر,ham
"کاربر گرامی، خرید شما از درگاه پرداخت با موفقیت انجام شد (900,000 ریال)",ham
هموطن عزیز، سیم‌کارت شما در آستانه مسدودی است. روی لینک کلیک کنید.,spam
تبریک! شما کمک هزینه نقدی شدید! برای دریافت هدیه با شماره ۰۹۱۲۰۰۰۰۰۰۰ تماس بگیرید. همین حالا اقدام کنید sanam-id.ir,spam
محترم، حساب بانکی شما ناقص است. قبل از حذف. اطلاعات خود را تایید کنید.,spam
عزیز، کارت بانکی شما ناقص است. در غیر این صورت مسدود خواهد شد. مبلغ ۵۰۰ هزار تومان را واریز کنید.,spam
"کاربر گرامی، خرید شما از درگاه پرداخت با موفقیت انجام شد (20,000 ریال)",ham
هموطن عزیز، حساب بانکی شما مسدود شده است. در صورت عدم اقدام حساب مسدود می‌شود. با شماره ۰۹۱۲۰۰۰۰۰۰۰ تماس بگیرید.,spam
گرامی، مرسوله پستی شما مسدود شده است. در غیر این صورت مسدود خواهد شد. جهت تمدید اطلاعات کارت را وارد نمایید. sanam-id.ir,spam
هموطن عزیز، کارت بانکی شما دارای بدهی است. وگرنه پرونده به مراجع قضایی ارجاع می‌شود. رمز پویای خود را ارسال نمایید.,spam
کاربر محترم، پرونده مالیاتی شما در آستانه مسدودی است. وگرنه پرونده به مراجع قضایی ارجاع می‌شود. با شماره ۰۹۱۲۰۰۰۰۰۰۰ تماس بگیرید. click.pay-ir.tk,spam
مشترک گرامی، بسته اینترنت شما نیاز به بازبینی دارد. با شماره ۰۹۱۲۰۰۰۰۰۰۰ تماس بگیرید. t.me/fastloan,spam
عزیز، یارانه شما مسدود شده است. جهت جلوگیری از جریمه. رمز پویای خود را ارسال نمایید. sanam-id.ir,spam
تبریک! شما ۲۰ میلیون تومان شدید! برای دریافت مبلغ کد ارسال‌شده را برای ما بفرستید. فرصت محدود است t.me/fastloan,spam
تبریک! شما ۱۰۰ میلیون ریال شدید! برای دریافت هدیه اطلاعات خود را تایید کنید. همین حالا اقدام کنید ir-verify.ir/login,spam
سلام، ثبت نام دوره زبان انگلیسی واحد منابع انسانی تا ۲۰م ماه باز است. لطفا فرم داخلی را تکمیل کنید.,ham
سلام، نظرسنجی رضایت غذای رستوران در سامانه داخلی قرار گرفت. ممنون از مشارکت شما.,ham
همکاران گرامی، کارگاه اکسل پیشرفته روز چهارشنبه ساعت 9 در سالن اجتماعات برگزار می‌شود. حضور علاقه‌مندان آزاد است.,ham
همکاران گرامی، دوره زبان انگلیسی روز دوشنبه ساعت 11 در سالن اجتماعات برگزار می‌شود. حضور علاقه‌مندان آزاد است.,ham
سلام، نظرسنجی رضایت کارکنان در سامانه داخلی قرار گرفت. ممنون از مشارکت شما.,ham
همکاران گرامی، دوره ایمنی محیط کار روز دوشنبه ساعت 16 در سالن اجتماعات برگزار می‌شود. حضور علاقه‌مندان آزاد است.,ham
سلام، نظرسنجی رضایت غذای رستوران در سامانه داخلی قرار گرفت. ممنون از مشارکت شما.,ham
سلام، نظرسنجی رضایت کارکنان در سامانه داخلی قرار گرفت. ممنون از مشارکت شما.,ham
سلام، نظرسنجی رضایت غذای رستوران در سامانه داخلی قرار گرفت. ممنون از مشارکت شما.,ham
سلام، ثبت نام دوره آشنایی با هوش مصنوعی تیم محصول تا ۲۰م ماه باز است. لطفا فرم داخلی را تکمیل کنید.,ham
یادآوری: جلسه فصلی کمیته رفاهی فردا ساعت 12 برگزار می‌گردد.,ham
همکاران گرامی، کارگاه اکسل پیشرفته روز چهارشنبه ساعت 10 در سالن اجتماعات برگزار می‌شود. حضور علاقه‌مندان آزاد است.,ham
یادآوری: جلسه ماهانه تیم توسعه فردا ساعت 12 برگزار می‌گردد.,ham
سلام، نظرسنجی رضایت غذای رستوران در سامانه داخلی قرار گرفت. ممنون از مشارکت شما.,ham
همکاران گرامی، کارگاه اکسل پیشرفته روز شنبه ساعت 12 در سالن اجتماعات برگزار می‌شود. حضور علاقه‌مندان آزاد است.,ham
سلام، ثبت نام دوره زبان انگلیسی دپارتمان مالی تا پنجشنبه باز است. لطفا فرم داخلی را تکمیل کنید.,ham
سلام، ثبت نام کارگاه مدیریت پروژه تیم محصول تا ۲۰م ماه باز است. لطفا فرم داخلی را تکمیل کنید.,ham
سلام، ثبت نام کارگاه اکسل پیشرفته تیم فنی تا یکشنبه باز است. لطفا فرم داخلی را تکمیل کنید.,ham
سلام، نظرسنجی رضایت غذای رستوران در سامانه داخلی قرار گرفت. ممنون از مشارکت شما.,ham
سلام، نظرسنجی رضایت بیمه تکمیلی در سامانه داخلی قرار گرفت. ممنون از مشارکت شما.,ham
سلام، نظرسنجی رضایت بیمه تکمیلی در سامانه داخلی قرار گرفت. ممنون از مشارکت شما.,ham
سلام، ثبت نام دوره ایمنی محیط کار کمیته رفاهی تا یکشنبه باز است. لطفا فرم داخلی را تکمیل کنید.,ham
همکاران گرامی، کلاس یوگا روز شنبه ساعت 13 در سالن اجتماعات برگزار می‌شود. حضور علاقه‌مندان آزاد است.,ham
همکاران گرامی، کلاس یوگا روز شنبه ساعت 12 در سالن اجتماعات برگزار می‌شود. حضور علاقه‌مندان آزاد است.,ham
یادآوری: جلسه ماهانه تیم محصول فردا ساعت 11 برگزار می‌گردد.,ham
همکاران گرامی، کارگاه مدیریت پروژه روز چهارشنبه ساعت 14 در سالن اجتماعات برگزار می‌شود. حضور علاقه‌مندان آزاد است.,ham
سلام، ثبت نام کارگاه مدیریت پروژه واحد منابع انسانی تا پایان هفته باز است. لطفا فرم داخلی را تکمیل کنید.,ham
یادآوری: جلسه فصلی واحد منابع انسانی فردا ساعت 12 برگزار می‌گردد.,ham
سلام، ثبت نام دوره آموزشی امنیت اطلاعات تیم محصول تا ۲۰م ماه باز است. لطفا فرم داخلی را تکمیل کنید.,ham
یادآوری: جلسه توجیهی تیم محصول فردا ساعت 13 برگزار می‌گردد.,ham
همکاران گرامی، دوره آموزشی امنیت اطلاعات روز شنبه ساعت 10 در سالن اجتماعات برگزار می‌شود. حضور علاقه‌مندان آزاد است.,ham
یادآوری: جلسه فصلی واحد آموزش فردا ساعت 10 برگزار می‌گردد.,ham
سلام، نظرسنجی رضایت غذای رستوران در سامانه داخلی قرار گرفت. ممنون از مشارکت شما.,ham
سلام، ثبت نام دوره ایمنی محیط کار واحد آموزش تا یکشنبه باز است. لطفا فرم داخلی را تکمیل کنید.,ham
سلام، ثبت نام دوره ایمنی محیط کار تیم محصول تا یکشنبه باز است. لطفا فرم داخلی را تکمیل کنید.,ham
سلام، ثبت نام دوره زبان انگلیسی کمیته رفاهی تا ۲۰م ماه باز است. لطفا فرم داخلی را تکمیل کنید.,ham
همکاران گرامی، دوره ایمنی محیط کار روز شنبه ساعت 16 در سالن اجتماعات برگزار می‌شود. حضور علاقه‌مندان آزاد است.,ham
یادآوری: جلسه توجیهی واحد منابع انسانی فردا ساعت 14 برگزار می‌گردد.,ham
همکاران گرامی، کارگاه اکسل پیشرفته روز دوشنبه ساعت 10 در سالن اجتماعات برگزار می‌شود. حضور علاقه‌مندان آزاد است.,ham
یادآوری: جلسه ماهانه کمیته رفاهی فردا ساعت 14 برگزار می‌گردد.,ham
همکاران گرامی، کارگاه مدیریت پروژه روز شنبه ساعت 10 در سالن اجتماعات برگزار می‌شود. حضور علاقه‌مندان آزاد است.,ham
سلام، ثبت نام کارگاه اکسل پیشرفته کمیته رفاهی تا ۲۰م ماه باز است. لطفا فرم داخلی را تکمیل کنید.,ham
یادآوری: جلسه فصلی کمیته رفاهی فردا ساعت 9 برگزار می‌گردد.,ham
یادآوری: جلسه ماهانه تیم فنی فردا ساعت 9 برگزار می‌گردد.,ham
همکاران گرامی، دوره زبان انگلیسی روز شنبه ساعت 15 در سالن اجتماعات برگزار می‌شود. حضور علاقه‌مندان آزاد است.,ham
