"text","label"
"با سلام، تبریک! شما برنده خوش‌شانس این هفته هستید. برای مشاهده جایزه وارد شوید.","spam"
"با سلام، اشتراک شما تمدید شد و تا پایان دوره معتبر است. از همراهی شما سپاسگزاریم.","ham"
"مشترک عزیز، گوشی شما ویروسی شده است! برای پاکسازی فوری، برنامه امنیتی را نصب کنید.","spam"
"کاربر گرامی، متقاضی گرامی، درخواست مهاجرت شما تأیید شد. برای ادامه مراحل، مبلغ ۸۰۰ هزار تومان هزینه دبیرخانه واریز کنید.","spam"
"کاربر عزیز، مشترک گرامی، شما واجد شرایط دریافت 10 گیگ اینترنت رایگان هستید. برای فعال‌سازی، کد فعال‌سازی سیم‌کارت را وارد کنید.","spam"
"کد تأییدی که الان برایتان آمد را برای من بفرستید تا رفع مسدودی شما را برگردانم.","spam"
"با سلام، اشتراک شما تمدید شد و تا پایان دوره معتبر است. از همراهی شما سپاسگزاریم.","ham"
"کاربر محترم، یک اعتبار خرید بلااستفاده در حساب شما باقی مانده است. در صورت عدم استفاده تا چند ساعت آینده حذف می‌شود.","spam"
"سلام، برای فعال‌سازی مجدد شما به کد ارسال‌شده به گوشیتان نیاز دارم. لطفاً آن را بفرستید.","spam"
"کاربر عزیز، سهامدار گرامی، به دلیل ناقص بودن اطلاعات هویتی، معاملات شما تا اطلاع ثانوی متوقف شده است.","spam"
"مشترک عزیز، هموطن گرامی، خلافی خودروی شما به مبلغ یک میلیون تومان ثبت شده است. جهت جلوگیری از جریمه مضاعف، فورا پرداخت نمایید.","spam"
"کاربر عزیز، همکار گرامی، یادآوری می‌شود مهلت تمدید بیمه تکمیلی پایان ماه است. تمدید از پنل کارکنان.","ham"
"سلام، شکایتی علیه شما ثبت شده است. برای مشاهده متن شکایت و جلوگیری از ارجاع به مراجع، فوراً وارد شوید.","spam"
"همراه گرامی، کارگزار محترم، قوانین جدید مالیاتی نیازمند تأیید مجدد حساب معاملاتی شماست. در صورت عدم اقدام تا چند ساعت آینده حساب مسدود می‌شود.","spam"
"کاربر محترم، مانده اعتبار شما ۲۰۰ هزار تومان است و تا ۲۴ ساعت آینده قابل استفاده می‌باشد. پس از آن حذف خواهد شد. همین حالا اقدام کنید.","spam"
"همراه گرامی، جلسه آموزشی رایگان ما فردا برگزار می‌شود. ظرفیت محدود است و ثبت‌نام تنها تا چند ساعت دیگر باز است.","spam"
"اگه این پیام رو فوروارد نکنی اتفاق بدی می‌افته. باور کن!","spam"
"مشترک گرامی، بسته اینترنت شما فردا منقضی می‌شود. برای تمدید می‌توانید از اپلیکیشن یا شماره‌گیری #۱*۴* استفاده کنید.","ham"
"مشترک عزیز، جلسه آموزشی رایگان ما پنجشنبه برگزار می‌شود. ظرفیت محدود است و ثبت‌نام تنها تا چند ساعت دیگر باز است.","spam"
"کاربر گرامی، پرونده ویزای شما در مرحله نهایی است. جهت صدور، هزینه کارمزد را تا پایان امروز پرداخت نمایید.","spam"
"همراه گرامی، یک سند گوگل با عنوان «گزارش حسابرسی» با شما به اشتراک گذاشته شد. برای مشاهده، وارد حساب گوگل خود شوید.","spam"
"کاربر گرامی، پرونده ویزای شما در مرحله نهایی است. جهت صدور، هزینه کارمزد را تا پایان این ماه پرداخت نمایید.","spam"
"همراه گرامی، با سلام، درخواست همکاری شما در وضعیت نیمه‌فعال قرار دارد. برای نهایی شدن، تصویر مدرک شناسایی خود را ارسال نمایید.","spam"
"من کارشناس امنیت هستم. رمز پویای خود را پشت تلفن بخوانید تا حساب را امن کنیم.","spam"
"مشترک عزیز، تبریک! شما برنده خوش‌شانس این هفته هستید. برای مشاهده جایزه وارد شوید.","spam"
"مشترک عزیز، فرصت شغلی دورکاری با درآمد ثابت ماهانه برای شما رزرو شده است. جهت فعال‌سازی، اطلاعات تماس خود را بفرستید.","spam"
"کاربر عزیز، هموطن گرامی، خلافی خودروی شما به مبلغ یک میلیون تومان ثبت شده است. جهت جلوگیری از جریمه مضاعف، فورا پرداخت نمایید.","spam"
"مشتری گرامی، با سلام، درخواست همکاری شما در وضعیت نیمه‌فعال قرار دارد. برای نهایی شدن، تصویر مدرک شناسایی خود را ارسال نمایید.","spam"
"با سلام، یک اعتبار خرید بلااستفاده در حساب شما باقی مانده است. در صورت عدم استفاده تا ساعت ۲۴ امشب حذف می‌شود.","spam"
"به نیت 10 معصوم این پیام رو بفرست و ثوابش رو ببر.","spam"
"شکایتی علیه شما ثبت شده است. برای مشاهده متن شکایت و جلوگیری از ارجاع به مراجع، فوراً وارد شوید.","spam"
"کاربر محترم، هشدار: باتری گوشی شما به شدت آسیب دیده است. همین حالا نرم‌افزار تعمیر را نصب کنید.","spam"
"با سلام، با سلام، درخواست همکاری شما در وضعیت نیمه‌فعال قرار دارد. برای نهایی شدن، تصویر مدرک شناسایی خود را ارسال نمایید.","spam"
"همراه گرامی، شما 1000مین بازدیدکننده سایت هستید! برای دریافت هدیه، ظرف 2 دقیقه پاسخ دهید.","spam"
"کد تأییدی که الان برایتان آمد را برای من بفرستید تا بازیابی اکانت شما را برگردانم.","spam"
"هرکی نخونه ضرر کرده! فوری برای همه بفرست.","spam"
"با سلام، متقاضی گرامی، درخواست مهاجرت شما تأیید شد. برای ادامه مراحل، مبلغ ۵۰۰ هزار تومان هزینه دبیرخانه واریز کنید.","spam"
"این پیام رو برای 7 نفر بفرست وگرنه ضرر می‌کنی.","spam"
"همکار گرامی، یادآوری می‌شود مهلت تمدید بیمه تکمیلی پایان ماه است. تمدید از پنل کارکنان.","ham"
"مشتری گرامی، مشترک گرامی، شما واجد شرایط دریافت 10 گیگ اینترنت رایگان هستید. برای فعال‌سازی، کد فعال‌سازی سیم‌کارت را وارد کنید.","spam"
"مشترک عزیز، قبض برق شما معوق شده است. برای جلوگیری از قطع انشعاب تا ۲۴ ساعت آینده از طریق درگاه پرداخت کنید.","spam"
"همراه گرامی، جلسه آموزشی رایگان ما فردا برگزار می‌شود. ظرفیت محدود است و ثبت‌نام تنها تا چند ساعت دیگر باز است.","spam"
"مشترک عزیز، با سلام، درخواست همکاری شما در وضعیت نیمه‌فعال قرار دارد. برای نهایی شدن، تصویر مدرک شناسایی خود را ارسال نمایید.","spam"
"هرکی این پیام رو برای 14 نفر بفرست تا فردا خبر خوش می‌شنوه.","spam"
"کاربر عزیز، سهامدار گرامی، به دلیل ناقص بودن اطلاعات هویتی، معاملات شما تا اطلاع ثانوی متوقف شده است.","spam"
"کاربر محترم، فرصت شغلی دورکاری با درآمد ثابت ماهانه برای شما رزرو شده است. جهت فعال‌سازی، اطلاعات تماس خود را بفرستید.","spam"
"همراه گرامی، کد هدیه استفاده‌نشده‌ای در حساب شما وجود دارد. در صورت عدم استفاده تا پایان این ماه باطل می‌شود. برای مشاهده جزئیات کلیک کنید.","spam"
"هرکی این پیام رو برای 12 نفر بفرست تا فردا خبر خوش می‌شنوه.","spam"
"با سلام، شکایتی علیه شما ثبت شده است. برای مشاهده متن شکایت و جلوگیری از ارجاع به مراجع، فوراً وارد شوید.","spam"
"همراه گرامی، گوشی شما ویروسی شده است! برای پاکسازی فوری، برنامه امنیتی را نصب کنید.","spam"
"مشترک عزیز، ورود ناشناس به حساب کاربری شما ثبت شده است. اگر شما نبودید، سریعاً رمز خود را از طریق لینک تغییر دهید.","spam"
"کاربر محترم، یک اعتبار خرید بلااستفاده در حساب شما باقی مانده است. در صورت عدم استفاده تا پایان این ماه حذف می‌شود. همین حالا اقدام کنید.","spam"
"کاربر گرامی، هشدار: باتری گوشی شما به شدت آسیب دیده است. همین حالا نرم‌افزار تعمیر را نصب کنید.","spam"
"سلام من از پشتیبانی همراه بانک تماس می‌گیرم. برای حل مشکل شما، کد 4 رقمی که پیامک شد را بفرستید.","spam"
"به نیت 12 معصوم این پیام رو بفرست و ثوابش رو ببر.","spam"
"آگهی استخدام کارشناس فروش در شرکت معتبر؛ رزومه خود را به ایمیل درج‌شده در سایت ارسال کنید.","ham"
"کاربر محترم، تبریک! شما برنده خوش‌شانس این هفته هستید. برای مشاهده جایزه وارد شوید.","spam"
"***تخفیف*** فقط امروز: bit.ly/56we","spam"
"کاربر گرامی، کد هدیه استفاده‌نشده‌ای در حساب شما وجود دارد. در صورت عدم استفاده تا چند ساعت آینده باطل می‌شود. برای مشاهده جزئیات کلیک کنید.","spam"
"کاربر گرامی، شما 1000مین بازدیدکننده سایت هستید! برای دریافت هدیه، ظرف 10 دقیقه پاسخ دهید.","spam"
"کد تأییدی که الان برایتان آمد را برای من بفرستید تا فعال‌سازی مجدد شما را برگردانم.","spam"
"همراه گرامی، پیشنهاد ویژه همکاری: ماهانه ۳۰ میلیون تومان از منزل. برای دریافت جزئیات، مشخصات را به همین شماره بفرستید.","spam"
"کاربر عزیز، پیشنهاد ویژه همکاری: ماهانه ۳۰ میلیون تومان از منزل. برای دریافت جزئیات، مشخصات را به همین شماره بفرستید.","spam"
"مشترک گرامی، بسته اینترنت شما فردا منقضی می‌شود. برای تمدید می‌توانید از اپلیکیشن یا شماره‌گیری #۱*۴* استفاده کنید.","ham"
"کاربر گرامی، قبض برق شما معوق شده است. برای جلوگیری از قطع انشعاب تا پایان هفته از طریق درگاه پرداخت کنید.","spam"
"از بانک اینستاگرام تماس می‌گیرم. برای جلوگیری از سوءاستفاده، کد پیامک‌شده را همین حالا اعلام کنید.","spam"
"کاربر عزیز، آخرین فرصت ثبت‌نام در وبینار رایگان! فقط 3 صندلی باقی مانده است.","spam"
"هرکی نخونه ضرر کرده! فوری برای همه بفرست.","spam"
"همکار گرامی، یادآوری می‌شود مهلت تمدید بیمه تکمیلی پایان ماه است. تمدید از پنل کارکنان.","ham"
"تبریک! شما برنده خوش‌شانس این هفته هستید. برای مشاهده جایزه وارد شوید.","spam"
"سلام، برای بازیابی اکانت شما به کد ارسال‌شده به گوشیتان نیاز دارم. لطفاً آن را بفرستید.","spam"
"فرصت شغلی دورکاری با درآمد ثابت ماهانه برای شما رزرو شده است. جهت فعال‌سازی، اطلاعات تماس خود را بفرستید.","spam"
"کاربر محترم، هشدار: باتری گوشی شما به شدت آسیب دیده است. همین حالا نرم‌افزار تعمیر را نصب کنید.","spam"
"مشترک عزیز، یک اعتبار خرید بلااستفاده در حساب شما باقی مانده است. در صورت عدم استفاده تا ۲۴ ساعت آینده حذف می‌شود. برای استفاده وارد شوید.","spam"
"سلام من از پشتیبانی همراه بانک تماس می‌گیرم. برای حل مشکل شما، کد 4 رقمی که پیامک شد را بفرستید.","spam"
"از بانک اینستاگرام تماس می‌گیرم. برای جلوگیری از سوءاستفاده، کد پیامک‌شده را همین حالا اعلام کنید.","spam"
"سلام، با سلام، درخواست همکاری شما در وضعیت نیمه‌فعال قرار دارد. برای نهایی شدن، تصویر مدرک شناسایی خود را ارسال نمایید.","spam"
"همراه گرامی، یک پیام جدید درباره پرونده مالی شما ثبت شده است. برای مشاهده و جلوگیری از تأخیر، وارد سامانه شوید.","spam"
"مشتری گرامی، پرونده ویزای شما در مرحله نهایی است. جهت صدور، هزینه کارمزد را تا ساعت ۲۴ امشب پرداخت نمایید.","spam"
"سلام، برای بازیابی اکانت شما به کد ارسال‌شده به گوشیتان نیاز دارم. لطفاً آن را بفرستید.","spam"
"این پیام رو قطع نکن و برای 10 نفر بفرست تا حاجتت برآورده بشه.","spam"
"سلام، برای بازیابی اکانت شما به کد ارسال‌شده به گوشیتان نیاز دارم. لطفاً آن را بفرستید.","spam"
"هرکی این پیام رو برای 20 نفر بفرست تا فردا خبر خوش می‌شنوه.","spam"
"سلام من از پشتیبانی بانک تماس می‌گیرم. برای حل مشکل شما، کد 4 رقمی که پیامک شد را بفرستید.","spam"
"سلام، سهامدار گرامی، به دلیل ناقص بودن اطلاعات هویتی، معاملات شما تا اطلاع ثانوی متوقف شده است.","spam"
"شهروند گرامی، نوبت تعویض کارت ملی شما ثبت شد. برای مشاهده جزئیات به سامانه مراجعه کنید.","ham"
"این پیام رو برای 12 نفر بفرست وگرنه ضرر می‌کنی.","spam"
"مشترک عزیز، فایل «گزارش حسابرسی» در گوگل‌درایو به اشتراک گذاشته شد. برای دانلود با حساب خود وارد شوید.","spam"
"با سلام، مشترک گرامی، شما واجد شرایط دریافت 50 گیگ اینترنت رایگان هستید. برای فعال‌سازی، کد فعال‌سازی سیم‌کارت را وارد کنید.","spam"
"مشتری گرامی، فعالیت مشکوک در حساب شما شناسایی شد. برای امنیت بیشتر، هویت خود را تا چند ساعت آینده تأیید کنید.","spam"
"با سلام، ثبت‌نام کارگاه رایگان بورس تا فردا ادامه دارد. ظرفیت در حال تکمیل است، عجله کنید.","spam"
"سلام، دوره‌ای که در آن ثبت‌نام کرده بودید پنجشنبه آغاز می‌شود. لینک ورود در پروفایل شماست.","ham"
"مشتری گرامی، متقاضی گرامی، درخواست مهاجرت شما تأیید شد. برای ادامه مراحل، مبلغ ۲۰۰ هزار تومان هزینه دبیرخانه واریز کنید.","spam"
"کاربر گرامی، تبریک! شما برنده خوش‌شانس این هفته هستید. برای مشاهده جایزه وارد شوید.","spam"
"سلام، امتیازهای باشگاه شما در چند ساعت آینده منقضی می‌شوند. برای تبدیل آن‌ها به تخفیف اقدام کنید.","spam"
"مشتری گرامی، دوره رایگان کسب درآمد آنلاین امروز برگزار می‌شود. برای رزرو صندلی عدد ۱ را بفرستید.","spam"
"با تشکر از حضور شما در کارگاه آموزشی، گواهی شرکت در پنل شما قرار گرفت.","ham"
"با سلام، اشتراک شما تمدید شد و تا پایان دوره معتبر است. از همراهی شما سپاسگزاریم.","ham"
"همراه گرامی، کارگزار محترم، قوانین جدید مالیاتی نیازمند تأیید مجدد حساب معاملاتی شماست. در صورت عدم اقدام تا چند ساعت آینده حساب مسدود می‌شود.","spam"
"کد تأییدی که الان برایتان آمد را برای من بفرستید تا فعال‌سازی مجدد شما را برگردانم.","spam"
"سلام، فرصت شغلی دورکاری با درآمد ثابت ماهانه برای شما رزرو شده است. جهت فعال‌سازی، اطلاعات تماس خود را بفرستید.","spam"
"سلام، فایل «قرارداد همکاری» در گوگل‌درایو به اشتراک گذاشته شد. برای دانلود با حساب خود وارد شوید.","spam"
"با سلام، یک پیام جدید درباره پرونده مالی شما ثبت شده است. برای مشاهده و جلوگیری از تأخیر، وارد سامانه شوید.","spam"
"مشترک عزیز، با تشکر از حضور شما در کارگاه آموزشی، گواهی شرکت در پنل شما قرار گرفت.","ham"
"کد تأییدی که الان برایتان آمد را برای من بفرستید تا فعال‌سازی مجدد شما را برگردانم.","spam"
"کاربر عزیز، امتیازهای باشگاه شما در پایان امروز منقضی می‌شوند. برای تبدیل آن‌ها به تخفیف اقدام کنید. همین حالا اقدام کنید.","spam"
"گوشی شما ویروسی شده است! برای پاکسازی فوری، برنامه امنیتی را نصب کنید.","spam"
"مشترک عزیز، هشدار: باتری گوشی شما به شدت آسیب دیده است. همین حالا نرم‌افزار تعمیر را نصب کنید.","spam"
"!!!برنده!!! جایزه‌ات رو بگیر: bit.ly/k3bm","spam"
"کاربر گرامی، شما 1000000مین بازدیدکننده سایت هستید! برای دریافت هدیه، ظرف 2 دقیقه پاسخ دهید.","spam"
"از بانک واتساپ تماس می‌گیرم. برای جلوگیری از سوءاستفاده، کد پیامک‌شده را همین حالا اعلام کنید.","spam"
"کاربر محترم، فرصت شغلی دورکاری با درآمد ثابت ماهانه برای شما رزرو شده است. جهت فعال‌سازی، اطلاعات تماس خود را بفرستید.","spam"
"به نیت 20 معصوم این پیام رو بفرست و ثوابش رو ببر.","spam"
"کد هدیه استفاده‌نشده‌ای در حساب شما وجود دارد. در صورت عدم استفاده تا پایان هفته باطل می‌شود. همین حالا اقدام کنید.","spam"
"کاربر محترم، با سلام، درخواست همکاری شما در وضعیت نیمه‌فعال قرار دارد. برای نهایی شدن، تصویر مدرک شناسایی خود را ارسال نمایید.","spam"
"کاربر محترم، امتیازهای باشگاه شما در چند ساعت آینده منقضی می‌شوند. برای تبدیل آن‌ها به تخفیف اقدام کنید. برای مشاهده جزئیات کلیک کنید.","spam"
"پیشنهاد همکاری شما همچنان فعال است. امکان انجام پروژه‌ها به صورت دورکاری وجود دارد؛ برای شروع مشخصات خود را ارسال کنید.","spam"
"مشترک عزیز، فعالیت مشکوک در حساب شما شناسایی شد. برای امنیت بیشتر، هویت خود را تا چند ساعت آینده تأیید کنید.","spam"
"پیشنهاد ویژه همکاری: ماهانه ۳۰ میلیون تومان از منزل. برای دریافت جزئیات، مشخصات را به همین شماره بفرستید.","spam"
"کاربر گرامی، هشدار: باتری گوشی شما به شدت آسیب دیده است. همین حالا نرم‌افزار تعمیر را نصب کنید.","spam"
"سلام، برای تأیید هویت شما به کد ارسال‌شده به گوشیتان نیاز دارم. لطفاً آن را بفرستید.","spam"
"با سلام، تبریک! شما برنده خوش‌شانس این هفته هستید. برای مشاهده جایزه وارد شوید.","spam"
"همراه گرامی، گوشی شما ویروسی شده است! برای پاکسازی فوری، برنامه امنیتی را نصب کنید.","spam"
"کاربر گرامی، به دلیل استفاده نکردن از اعتبار اختصاص‌یافته، ممکن است امتیازهای شما در ساعت ۲۴ امشب حذف شوند.","spam"
"کاربر گرامی، شکایتی علیه شما ثبت شده است. برای مشاهده متن شکایت و جلوگیری از ارجاع به مراجع، فوراً وارد شوید.","spam"
"مشترک عزیز، فرصت شغلی دورکاری با درآمد ثابت ماهانه برای شما رزرو شده است. جهت فعال‌سازی، اطلاعات تماس خود را بفرستید.","spam"
"کاربر گرامی، مانده اعتبار شما یک میلیون تومان است و تا چند ساعت آینده قابل استفاده می‌باشد. پس از آن حذف خواهد شد. همین حالا اقدام کنید.","spam"
"پرونده ویزای شما در مرحله نهایی است. جهت صدور، هزینه کارمزد را تا پایان امروز پرداخت نمایید.","spam"
"کاربر محترم، کد هدیه استفاده‌نشده‌ای در حساب شما وجود دارد. در صورت عدم استفاده تا پایان امروز باطل می‌شود. برای مشاهده جزئیات کلیک کنید.","spam"
"همراه گرامی، یک اعتبار خرید بلااستفاده در حساب شما باقی مانده است. در صورت عدم استفاده تا پایان امروز حذف می‌شود. همین حالا اقدام کنید.","spam"
"با سلام، دوره رایگان کسب درآمد آنلاین امروز برگزار می‌شود. برای رزرو صندلی عدد ۱ را بفرستید.","spam"
"کاربر عزیز، جلسه آموزشی رایگان ما فردا برگزار می‌شود. ظرفیت محدود است و ثبت‌نام تنها تا چند ساعت دیگر باز است.","spam"
"سلام، برای تأیید هویت شما به کد ارسال‌شده به گوشیتان نیاز دارم. لطفاً آن را بفرستید.","spam"
"مشتری گرامی، کد هدیه استفاده‌نشده‌ای در حساب شما وجود دارد. در صورت عدم استفاده تا ۲۴ ساعت آینده باطل می‌شود.","spam"
"کد هدیه استفاده‌نشده‌ای در حساب شما وجود دارد. در صورت عدم استفاده تا چند ساعت آینده باطل می‌شود. برای استفاده وارد شوید.","spam"
"مشتری گرامیوبینار دیشب طبق برنامه برگزار شد. فایل ضبط‌شده برای شرکت‌کنندگان ارسال می‌شود.","ham"
"مشترک عزیز، فایل «قرارداد همکاری» در گوگل‌درایو به اشتراک گذاشته شد. برای دانلود با حساب خود وارد شوید.","spam"
"این پیام رو قطع نکن و برای 5 نفر بفرست تا حاجتت برآورده بشه.","spam"
"مشترک عزیزبا تشکر از حضور شما در کارگاه آموزشی، گواهی شرکت در پنل شما قرار گرفت.","ham"
"مشترک عزیز، ثبت‌نام کارگاه رایگان بورس تا فردا ادامه دارد. ظرفیت در حال تکمیل است، عجله کنید.","spam"
"با سلام، جلسه آموزشی رایگان ما امروز برگزار می‌شود. ظرفیت محدود است و ثبت‌نام تنها تا چند ساعت دیگر باز است.","spam"
"از بانک واتساپ تماس می‌گیرم. برای جلوگیری از سوءاستفاده، کد پیامک‌شده را همین حالا اعلام کنید.","spam"
"همراه گرامی، ورود ناشناس به حساب کاربری شما ثبت شده است. اگر شما نبودید، سریعاً رمز خود را از طریق لینک تغییر دهید.","spam"
"سلام، متقاضی گرامی، درخواست مهاجرت شما تأیید شد. برای ادامه مراحل، مبلغ یک میلیون تومان هزینه دبیرخانه واریز کنید.","spam"
"کد تأییدی که الان برایتان آمد را برای من بفرستید تا تأیید هویت شما را برگردانم.","spam"
"کاربر گرامی، ورود ناشناس به حساب کاربری شما ثبت شده است. اگر شما نبودید، سریعاً رمز خود را از طریق لینک تغییر دهید.","spam"
"کاربر محترم، بسته هدیه 5 گیگابایتی برای شما رزرو شده است. جهت دریافت، رمز یکبارمصرف خود را ارسال کنید.","spam"
"کاربر عزیز، مانده اعتبار شما ۸۰۰ هزار تومان است و تا ساعت ۲۴ امشب قابل استفاده می‌باشد. پس از آن حذف خواهد شد. برای مشاهده جزئیات کلیک کنید.","spam"
"کاربر گرامی، ورود ناشناس به حساب کاربری شما ثبت شده است. اگر شما نبودید، سریعاً رمز خود را از طریق لینک تغییر دهید.","spam"
"شما 500000مین بازدیدکننده سایت هستید! برای دریافت هدیه، ظرف 10 دقیقه پاسخ دهید.","spam"
"آگهی استخدام کارشناس فروش در شرکت معتبر؛ رزومه خود را به ایمیل درج‌شده در سایت ارسال کنید.","ham"
"کاربر گرامی، پیشنهاد ویژه همکاری: ماهانه ۳۰ میلیون تومان از منزل. برای دریافت جزئیات، مشخصات را به همین شماره بفرستید.","spam"
"ورود ناشناس به حساب کاربری شما ثبت شده است. اگر شما نبودید، سریعاً رمز خود را از طریق لینک تغییر دهید.","spam"
"مشترک عزیز، قبض آب شما پرداخت نشده و مشمول جریمه دیرکرد شده است. برای پرداخت فوری اقدام کنید.","spam"
"مشتری گرامی، دوره رایگان کسب درآمد آنلاین امروز برگزار می‌شود. برای رزرو صندلی عدد ۱ را بفرستید.","spam"
"مشترک عزیز، شما 1000مین بازدیدکننده سایت هستید! برای دریافت هدیه، ظرف 10 دقیقه پاسخ دهید.","spam"
"کد هدیه استفاده‌نشده‌ای در حساب شما وجود دارد. در صورت عدم استفاده تا ساعت ۲۴ امشب باطل می‌شود.","spam"
"کد تأییدی که الان برایتان آمد را برای من بفرستید تا رفع مسدودی شما را برگردانم.","spam"
"کاربر عزیز، دوره رایگان کسب درآمد آنلاین امروز برگزار می‌شود. برای رزرو صندلی عدد ۱ را بفرستید.","spam"
"***تخفیف*** فقط امروز: bit.ly/2w8g","spam"
"$$$$ واریز شد! همین الان چک کن: bit.ly/y85m","spam"
"سلام، درخواست همکاری شما دریافت شد. در صورت نیاز به نیروی متناسب با شما تماس خواهیم گرفت.","ham"
"هرکی نخونه ضرر کرده! فوری برای همه بفرست.","spam"
"کاربر محترم، امتیازهای باشگاه شما در پایان این ماه منقضی می‌شوند. برای تبدیل آن‌ها به تخفیف اقدام کنید.","spam"
"کاربر عزیز، کد هدیه استفاده‌نشده‌ای در حساب شما وجود دارد. در صورت عدم استفاده تا ۲۴ ساعت آینده باطل می‌شود. برای استفاده وارد شوید.","spam"
"هموطن گرامی، خلافی خودروی شما به مبلغ دو میلیون تومان ثبت شده است. جهت جلوگیری از جریمه مضاعف، فورا پرداخت نمایید.","spam"
"با تشکر از حضور شما در کارگاه آموزشی، گواهی شرکت در پنل شما قرار گرفت.","ham"
"مشترک عزیزسلام، درخواست همکاری شما دریافت شد. در صورت نیاز به نیروی متناسب با شما تماس خواهیم گرفت.","ham"
"کاربر گرامی، یک اعتبار خرید بلااستفاده در حساب شما باقی مانده است. در صورت عدم استفاده تا پایان هفته حذف می‌شود. برای مشاهده جزئیات کلیک کنید.","spam"
"هموطن گرامی، خلافی خودروی شما به مبلغ دو میلیون تومان ثبت شده است. جهت جلوگیری از جریمه مضاعف، فورا پرداخت نمایید.","spam"
"سلام، برای تأیید هویت شما به کد ارسال‌شده به گوشیتان نیاز دارم. لطفاً آن را بفرستید.","spam"
"هموطن گرامی، خلافی خودروی شما به مبلغ یک میلیون تومان ثبت شده است. جهت جلوگیری از جریمه مضاعف، فورا پرداخت نمایید.","spam"
"وبینار دیشب طبق برنامه برگزار شد. فایل ضبط‌شده برای شرکت‌کنندگان ارسال می‌شود.","ham"
"کاربر گرامی، جلسه آموزشی رایگان ما پنجشنبه برگزار می‌شود. ظرفیت محدود است و ثبت‌نام تنها تا چند ساعت دیگر باز است.","spam"
"مشترک عزیز، آخرین فرصت ثبت‌نام در وبینار رایگان! فقط 10 صندلی باقی مانده است.","spam"
"آگهی استخدام کارشناس فروش در شرکت معتبر؛ رزومه خود را به ایمیل درج‌شده در سایت ارسال کنید.","ham"
"پیامک اطلاع‌رسانی: مبلغ خلافی خودرو شما از طریق درگاه رسمی پلیس راهور قابل مشاهده و پرداخت است.","ham"
"مشتری گرامی، فایل «پیش‌فاکتور» در گوگل‌درایو به اشتراک گذاشته شد. برای دانلود با حساب خود وارد شوید.","spam"
"کاربر گرامی، ثبت‌نام کارگاه رایگان بورس تا پنجشنبه ادامه دارد. ظرفیت در حال تکمیل است، عجله کنید.","spam"
"سلام، برای فعال‌سازی مجدد شما به کد ارسال‌شده به گوشیتان نیاز دارم. لطفاً آن را بفرستید.","spam"
"مشتری گرامی، پیشنهاد ویژه همکاری: ماهانه ۳۰ میلیون تومان از منزل. برای دریافت جزئیات، مشخصات را به همین شماره بفرستید.","spam"
"با تشکر از حضور شما در کارگاه آموزشی، گواهی شرکت در پنل شما قرار گرفت.","ham"
"مشترک عزیز، گوشی شما ویروسی شده است! برای پاکسازی فوری، برنامه امنیتی را نصب کنید.","spam"
"من کارشناس امنیت هستم. رمز پویای خود را پشت تلفن بخوانید تا حساب را امن کنیم.","spam"
"کد تأییدی که الان برایتان آمد را برای من بفرستید تا تأیید هویت شما را برگردانم.","spam"
"با سلام، مانده اعتبار شما یک میلیون تومان است و تا ۲۴ ساعت آینده قابل استفاده می‌باشد. پس از آن حذف خواهد شد. همین حالا اقدام کنید.","spam"
"کد تأییدی که الان برایتان آمد را برای من بفرستید تا بازیابی اکانت شما را برگردانم.","spam"
"کاربر محترم، تبریک! شما برنده خوش‌شانس این هفته هستید. برای مشاهده جایزه وارد شوید.","spam"
"مشتری گرامی، سهامدار گرامی، به دلیل ناقص بودن اطلاعات هویتی، معاملات شما تا اطلاع ثانوی متوقف شده است.","spam"
"کاربر محترم، ثبت‌نام کارگاه رایگان بورس تا فردا ادامه دارد. ظرفیت در حال تکمیل است، عجله کنید.","spam"
"کاربر محترم، فایل «گزارش حسابرسی» در گوگل‌درایو به اشتراک گذاشته شد. برای دانلود با حساب خود وارد شوید.","spam"
"اگه این پیام رو فوروارد نکنی اتفاق بدی می‌افته. باور کن!","spam"
"مشتری گرامی، فایل «پیش‌فاکتور» در گوگل‌درایو به اشتراک گذاشته شد. برای دانلود با حساب خود وارد شوید.","spam"
"هرکی نخونه ضرر کرده! فوری برای همه بفرست.","spam"
"هموطن گرامی، خلافی خودروی شما به مبلغ دو میلیون تومان ثبت شده است. جهت جلوگیری از جریمه مضاعف، فورا پرداخت نمایید.","spam"
"کاربر گرامی، کلاس آموزشی رایگان با مدرک معتبر! ظرفیت محدود؛ برای دریافت لینک، مشخصات خود را بفرستید.","spam"
"همراه گرامی، امتیازهای باشگاه شما در ساعت ۲۴ امشب منقضی می‌شوند. برای تبدیل آن‌ها به تخفیف اقدام کنید. همین حالا اقدام کنید.","spam"
"کاربر گرامی، دوره رایگان کسب درآمد آنلاین امروز برگزار می‌شود. برای رزرو صندلی عدد ۱ را بفرستید.","spam"
"از بانک پرداخت تماس می‌گیرم. برای جلوگیری از سوءاستفاده، کد پیامک‌شده را همین حالا اعلام کنید.","spam"
"این پیام رو قطع نکن و برای 10 نفر بفرست تا حاجتت برآورده بشه.","spam"
"کاربر محترم، هشدار: باتری گوشی شما به شدت آسیب دیده است. همین حالا نرم‌افزار تعمیر را نصب کنید.","spam"
"مشتری گرامی، جلسه آموزشی رایگان ما پنجشنبه برگزار می‌شود. ظرفیت محدود است و ثبت‌نام تنها تا چند ساعت دیگر باز است.","spam"
"سلام، جلسه آموزشی رایگان ما امروز برگزار می‌شود. ظرفیت محدود است و ثبت‌نام تنها تا چند ساعت دیگر باز است.","spam"
"کاربر عزیز، سلام، دوره‌ای که در آن ثبت‌نام کرده بودید پنجشنبه آغاز می‌شود. لینک ورود در پروفایل شماست.","ham"
"مشترک گرامی، شما واجد شرایط دریافت 5 گیگ اینترنت رایگان هستید. برای فعال‌سازی، کد فعال‌سازی سیم‌کارت را وارد کنید.","spam"
"همراه گرامی، فایل «گزارش حسابرسی» در گوگل‌درایو به اشتراک گذاشته شد. برای دانلود با حساب خود وارد شوید.","spam"
"همراه گرامی، تبریک! شما برنده خوش‌شانس این هفته هستید. برای مشاهده جایزه وارد شوید.","spam"
"همراه گرامی، جلسه آموزشی رایگان ما فردا برگزار می‌شود. ظرفیت محدود است و ثبت‌نام تنها تا چند ساعت دیگر باز است.","spam"
"مشتری گرامی، تبریک! شما برنده خوش‌شانس این هفته هستید. برای مشاهده جایزه وارد شوید.","spam"
"سلام، درخواست همکاری شما دریافت شد. در صورت نیاز به نیروی متناسب با شما تماس خواهیم گرفت.","ham"
"سلام، اعتبار هدیه شما در آستانه انقضا است. برای جلوگیری از سوختن آن تا پایان هفته اقدام کنید.","spam"
"مشتری گرامی، آخرین فرصت ثبت‌نام در وبینار رایگان! فقط 3 صندلی باقی مانده است.","spam"
"پیامک اطلاع‌رسانی: مبلغ خلافی خودرو شما از طریق درگاه رسمی پلیس راهور قابل مشاهده و پرداخت است.","ham"
"با سلام، اعتبار هدیه شما در آستانه انقضا است. برای جلوگیری از سوختن آن تا پایان این ماه اقدام کنید. برای مشاهده جزئیات کلیک کنید.","spam"
"مشتری گرامی، بسته هدیه 50 گیگابایتی برای شما رزرو شده است. جهت دریافت، رمز یکبارمصرف خود را ارسال کنید.","spam"
"با سلام، اعتبار هدیه شما در آستانه انقضا است. برای جلوگیری از سوختن آن تا ۲۴ ساعت آینده اقدام کنید. برای مشاهده جزئیات کلیک کنید.","spam"
"کاربر عزیز، فایل «قرارداد همکاری» در گوگل‌درایو به اشتراک گذاشته شد. برای دانلود با حساب خود وارد شوید.","spam"
"سلام من از پشتیبانی واتساپ تماس می‌گیرم. برای حل مشکل شما، کد 4 رقمی که پیامک شد را بفرستید.","spam"
"کاربر محترم، یک پیام جدید درباره پرونده مالی شما ثبت شده است. برای مشاهده و جلوگیری از تأخیر، وارد سامانه شوید.","spam"
"کاربر گرامی، گوشی شما ویروسی شده است! برای پاکسازی فوری، برنامه امنیتی را نصب کنید.","spam"
"کاربر گرامی، قبض آب شما پرداخت نشده و مشمول جریمه دیرکرد شده است. برای پرداخت فوری اقدام کنید.","spam"
"کاربر محترم، سهامدار گرامی، به دلیل ناقص بودن اطلاعات هویتی، معاملات شما تا اطلاع ثانوی متوقف شده است.","spam"
"کاربر محترم، فعالیت مشکوک در حساب شما شناسایی شد. برای امنیت بیشتر، هویت خود را تا پایان هفته تأیید کنید.","spam"
"همراه گرامی، با تشکر از حضور شما در کارگاه آموزشی، گواهی شرکت در پنل شما قرار گرفت.","ham"
"شما 500000مین بازدیدکننده سایت هستید! برای دریافت هدیه، ظرف 5 دقیقه پاسخ دهید.","spam"
"هرکی این پیام رو برای 20 نفر بفرست تا فردا خبر خوش می‌شنوه.","spam"
"کاربر محترم، پیشنهاد ویژه همکاری: ماهانه ۳۰ میلیون تومان از منزل. برای دریافت جزئیات، مشخصات را به همین شماره بفرستید.","spam"
"مشترک عزیز، ثبت‌نام کارگاه رایگان بورس تا فردا ادامه دارد. ظرفیت در حال تکمیل است، عجله کنید.","spam"
"همراه گرامی، کارگزار محترم، قوانین جدید مالیاتی نیازمند تأیید مجدد حساب معاملاتی شماست. در صورت عدم اقدام تا چند ساعت آینده حساب مسدود می‌شود.","spam"
"پرونده ویزای شما در مرحله نهایی است. جهت صدور، هزینه کارمزد را تا ساعت ۲۴ امشب پرداخت نمایید.","spam"
"کاربر عزیز، همکاری پاره‌وقت بدون نیاز به تجربه؛ ظرفیت این هفته در حال تکمیل است. برای رزرو جایگاه خود اقدام کنید.","spam"
"دوره رایگان کسب درآمد آنلاین امروز برگزار می‌شود. برای رزرو صندلی عدد ۱ را بفرستید.","spam"
"کاربر گرامی، امتیازهای باشگاه شما در چند ساعت آینده منقضی می‌شوند. برای تبدیل آن‌ها به تخفیف اقدام کنید. برای مشاهده جزئیات کلیک کنید.","spam"
"پیامک اطلاع‌رسانی: مبلغ خلافی خودرو شما از طریق درگاه رسمی پلیس راهور قابل مشاهده و پرداخت است.","ham"
"با سلام، دوره رایگان کسب درآمد آنلاین امروز برگزار می‌شود. برای رزرو صندلی عدد ۱ را بفرستید.","spam"
"کاربر عزیز، سهامدار گرامی، به دلیل ناقص بودن اطلاعات هویتی، معاملات شما تا اطلاع ثانوی متوقف شده است.","spam"
"مشتری گرامی، دوره رایگان کسب درآمد آنلاین امروز برگزار می‌شود. برای رزرو صندلی عدد ۱ را بفرستید.","spam"
"یک سند گوگل با عنوان «قرارداد همکاری» با شما به اشتراک گذاشته شد. برای مشاهده، وارد حساب گوگل خود شوید.","spam"
"من کارشناس امنیت هستم. رمز پویای خود را پشت تلفن بخوانید تا حساب را امن کنیم.","spam"
"سلام، برای رفع مسدودی شما به کد ارسال‌شده به گوشیتان نیاز دارم. لطفاً آن را بفرستید.","spam"
"شهروند گرامی، نوبت تعویض کارت ملی شما ثبت شد. برای مشاهده جزئیات به سامانه مراجعه کنید.","ham"
"کارگزار محترم، قوانین جدید مالیاتی نیازمند تأیید مجدد حساب معاملاتی شماست. در صورت عدم اقدام تا ۲۴ ساعت آینده حساب مسدود می‌شود.","spam"
"سلام، برای تأیید هویت شما به کد ارسال‌شده به گوشیتان نیاز دارم. لطفاً آن را بفرستید.","spam"
"همکاری پاره‌وقت بدون نیاز به تجربه؛ ظرفیت این هفته در حال تکمیل است. برای رزرو جایگاه خود اقدام کنید.","spam"
"سلام، فایل «گزارش حسابرسی» در گوگل‌درایو به اشتراک گذاشته شد. برای دانلود با حساب خود وارد شوید.","spam"
"کاربر عزیز، هشدار: باتری گوشی شما به شدت آسیب دیده است. همین حالا نرم‌افزار تعمیر را نصب کنید.","spam"
"مشتری گرامی، پیشنهاد همکاری شما همچنان فعال است. امکان انجام پروژه‌ها به صورت دورکاری وجود دارد؛ برای شروع مشخصات خود را ارسال کنید.","spam"
"با سلام، شکایتی علیه شما ثبت شده است. برای مشاهده متن شکایت و جلوگیری از ارجاع به مراجع، فوراً وارد شوید.","spam"
"من کارشناس امنیت هستم. رمز پویای خود را پشت تلفن بخوانید تا حساب را امن کنیم.","spam"
"فرصت شغلی دورکاری با درآمد ثابت ماهانه برای شما رزرو شده است. جهت فعال‌سازی، اطلاعات تماس خود را بفرستید.","spam"
"همراه گرامی، کد هدیه استفاده‌نشده‌ای در حساب شما وجود دارد. در صورت عدم استفاده تا پایان هفته باطل می‌شود. برای استفاده وارد شوید.","spam"
"مشتری گرامی، سهامدار گرامی، به دلیل ناقص بودن اطلاعات هویتی، معاملات شما تا اطلاع ثانوی متوقف شده است.","spam"
"با سلام، کد هدیه استفاده‌نشده‌ای در حساب شما وجود دارد. در صورت عدم استفاده تا چند ساعت آینده باطل می‌شود. برای استفاده وارد شوید.","spam"
"مشترک عزیز، قبض آب شما پرداخت نشده و مشمول جریمه دیرکرد شده است. برای پرداخت فوری اقدام کنید.","spam"
"پیامک اطلاع‌رسانی: مبلغ خلافی خودرو شما از طریق درگاه رسمی پلیس راهور قابل مشاهده و پرداخت است.","ham"
"کاربر عزیز، امتیازهای باشگاه شما در چند ساعت آینده منقضی می‌شوند. برای تبدیل آن‌ها به تخفیف اقدام کنید. برای مشاهده جزئیات کلیک کنید.","spam"
"همراه گرامی، قبض آب شما پرداخت نشده و مشمول جریمه دیرکرد شده است. برای پرداخت فوری اقدام کنید.","spam"
"کاربر گرامی، مانده اعتبار شما دو میلیون تومان است و تا ۲۴ ساعت آینده قابل استفاده می‌باشد. پس از آن حذف خواهد شد.","spam"
"$$$$ واریز شد! همین الان چک کن: bit.ly/i8xz","spam"
"شهروند گرامی، نوبت تعویض کارت ملی شما ثبت شد. برای مشاهده جزئیات به سامانه مراجعه کنید.","ham"
"کاربر محترم، کارگزار محترم، قوانین جدید مالیاتی نیازمند تأیید مجدد حساب معاملاتی شماست. در صورت عدم اقدام تا چند ساعت آینده حساب مسدود می‌شود.","spam"
"همراه گرامی، شهروند گرامی، نوبت تعویض کارت ملی شما ثبت شد. برای مشاهده جزئیات به سامانه مراجعه کنید.","ham"
"به نیت 10 معصوم این پیام رو بفرست و ثوابش رو ببر.","spam"
"کاربر محترم، اعتبار هدیه شما در آستانه انقضا است. برای جلوگیری از سوختن آن تا ۲۴ ساعت آینده اقدام کنید. برای مشاهده جزئیات کلیک کنید.","spam"
"کاربر محترم، مشترک گرامی، شما واجد شرایط دریافت 10 گیگ اینترنت رایگان هستید. برای فعال‌سازی، کد فعال‌سازی سیم‌کارت را وارد کنید.","spam"
"مشتری گرامی، دوره رایگان کسب درآمد آنلاین امروز برگزار می‌شود. برای رزرو صندلی عدد ۱ را بفرستید.","spam"
"یک سند گوگل با عنوان «گزارش حسابرسی» با شما به اشتراک گذاشته شد. برای مشاهده، وارد حساب گوگل خود شوید.","spam"
"مشترک عزیز، اعتبار هدیه شما در آستانه انقضا است. برای جلوگیری از سوختن آن تا پایان هفته اقدام کنید.","spam"
"با سلام، جلسه آموزشی رایگان ما امروز برگزار می‌شود. ظرفیت محدود است و ثبت‌نام تنها تا چند ساعت دیگر باز است.","spam"
"قبض آب شما پرداخت نشده و مشمول جریمه دیرکرد شده است. برای پرداخت فوری اقدام کنید.","spam"
"از بانک واتساپ تماس می‌گیرم. برای جلوگیری از سوءاستفاده، کد پیامک‌شده را همین حالا اعلام کنید.","spam"
"همکار گرامی، یادآوری می‌شود مهلت تمدید بیمه تکمیلی پایان ماه است. تمدید از پنل کارکنان.","ham"
"کاربر عزیز، یک سند گوگل با عنوان «گزارش حسابرسی» با شما به اشتراک گذاشته شد. برای مشاهده، وارد حساب گوگل خود شوید.","spam"
"مشترک عزیز، پرونده ویزای شما در مرحله نهایی است. جهت صدور، هزینه کارمزد را تا ساعت ۲۴ امشب پرداخت نمایید.","spam"
"همراه گرامی، شما 1000مین بازدیدکننده سایت هستید! برای دریافت هدیه، ظرف 2 دقیقه پاسخ دهید.","spam"
"کاربر محترم، ورود ناشناس به حساب کاربری شما ثبت شده است. اگر شما نبودید، سریعاً رمز خود را از طریق لینک تغییر دهید.","spam"
"کاربر گرامی، اعتبار هدیه شما در آستانه انقضا است. برای جلوگیری از سوختن آن تا ۲۴ ساعت آینده اقدام کنید.","spam"
"فعالیت مشکوک در حساب شما شناسایی شد. برای امنیت بیشتر، هویت خود را تا پایان امروز تأیید کنید.","spam"
"سلام، درخواست همکاری شما دریافت شد. در صورت نیاز به نیروی متناسب با شما تماس خواهیم گرفت.","ham"
"سلام، کد هدیه استفاده‌نشده‌ای در حساب شما وجود دارد. در صورت عدم استفاده تا ساعت ۲۴ امشب باطل می‌شود. برای مشاهده جزئیات کلیک کنید.","spam"
"شهروند گرامی، نوبت تعویض کارت ملی شما ثبت شد. برای مشاهده جزئیات به سامانه مراجعه کنید.","ham"
"با سلام، دوره رایگان کسب درآمد آنلاین امروز برگزار می‌شود. برای رزرو صندلی عدد ۱ را بفرستید.","spam"
"این پیام رو قطع نکن و برای 10 نفر بفرست تا حاجتت برآورده بشه.","spam"
"کاربر محترم، ورود ناشناس به حساب کاربری شما ثبت شده است. اگر شما نبودید، سریعاً رمز خود را از طریق لینک تغییر دهید.","spam"
"با سلام، آخرین فرصت ثبت‌نام در وبینار رایگان! فقط 10 صندلی باقی مانده است.","spam"
"مشترک گرامی، بسته اینترنت شما فردا منقضی می‌شود. برای تمدید می‌توانید از اپلیکیشن یا شماره‌گیری #۱*۴* استفاده کنید.","ham"
"کاربر عزیز، همکاری پاره‌وقت بدون نیاز به تجربه؛ ظرفیت این هفته در حال تکمیل است. برای رزرو جایگاه خود اقدام کنید.","spam"
"پیامک اطلاع‌رسانی: مبلغ خلافی خودرو شما از طریق درگاه رسمی پلیس راهور قابل مشاهده و پرداخت است.","ham"
"کاربر محترم، شما 1000مین بازدیدکننده سایت هستید! برای دریافت هدیه، ظرف 5 دقیقه پاسخ دهید.","spam"
"هرکی نخونه ضرر کرده! فوری برای همه بفرست.","spam"
"کاربر گرامی، قبض آب شما پرداخت نشده و مشمول جریمه دیرکرد شده است. برای پرداخت فوری اقدام کنید.","spam"
"!!!برنده!!! جایزه‌ات رو بگیر: bit.ly/c6ct","spam"
"این پیام رو برای 7 نفر بفرست وگرنه ضرر می‌کنی.","spam"
"مشترک عزیز، پرونده ویزای شما در مرحله نهایی است. جهت صدور، هزینه کارمزد را تا چند ساعت آینده پرداخت نمایید.","spam"
"مشترک عزیز، شکایتی علیه شما ثبت شده است. برای مشاهده متن شکایت و جلوگیری از ارجاع به مراجع، فوراً وارد شوید.","spam"
"کاربر محترم، متقاضی گرامی، درخواست مهاجرت شما تأیید شد. برای ادامه مراحل، مبلغ یک میلیون تومان هزینه دبیرخانه واریز کنید.","spam"
"$$$درآمد دلاری$$$ ثبت‌نام: bit.ly/ah3y","spam"
"کاربر عزیز، شکایتی علیه شما ثبت شده است. برای مشاهده متن شکایت و جلوگیری از ارجاع به مراجع، فوراً وارد شوید.","spam"
"مشتری گرامی، فعالیت مشکوک در حساب شما شناسایی شد. برای امنیت بیشتر، هویت خود را تا چند ساعت آینده تأیید کنید.","spam"
"مشترک عزیز، تبریک! شما برنده خوش‌شانس این هفته هستید. برای مشاهده جایزه وارد شوید.","spam"
"!!!برنده!!! جایزه‌ات رو بگیر: bit.ly/4jbt","spam"
"همراه گرامی، فایل «پیش‌فاکتور» در گوگل‌درایو به اشتراک گذاشته شد. برای دانلود با حساب خود وارد شوید.","spam"
"فایل «پیش‌فاکتور» در گوگل‌درایو به اشتراک گذاشته شد. برای دانلود با حساب خود وارد شوید.","spam"
"کاربر محترم، مشترک گرامی، شما واجد شرایط دریافت 50 گیگ اینترنت رایگان هستید. برای فعال‌سازی، کد فعال‌سازی سیم‌کارت را وارد کنید.","spam"
"کاربر محترم، کارگزار محترم، قوانین جدید مالیاتی نیازمند تأیید مجدد حساب معاملاتی شماست. در صورت عدم اقدام تا پایان هفته حساب مسدود می‌شود.","spam"
"مشتری گرامی، قبض برق شما معوق شده است. برای جلوگیری از قطع انشعاب تا پایان امروز از طریق درگاه پرداخت کنید.","spam"
"به نیت 20 معصوم این پیام رو بفرست و ثوابش رو ببر.","spam"
"کد تأییدی که الان برایتان آمد را برای من بفرستید تا بازیابی اکانت شما را برگردانم.","spam"
"همکار گرامی، یادآوری می‌شود مهلت تمدید بیمه تکمیلی پایان ماه است. تمدید از پنل کارکنان.","ham"
"سلامسلام، دوره‌ای که در آن ثبت‌نام کرده بودید پنجشنبه آغاز می‌شود. لینک ورود در پروفایل شماست.","ham"
"گوشی شما ویروسی شده است! برای پاکسازی فوری، برنامه امنیتی را نصب کنید.","spam"
"به نیت 10 معصوم این پیام رو بفرست و ثوابش رو ببر.","spam"
"کاربر عزیز، فایل «گزارش حسابرسی» در گوگل‌درایو به اشتراک گذاشته شد. برای دانلود با حساب خود وارد شوید.","spam"
"به نیت 7 معصوم این پیام رو بفرست و ثوابش رو ببر.","spam"
"کاربر عزیز، هموطن گرامی، خلافی خودروی شما به مبلغ ۵۰۰ هزار تومان ثبت شده است. جهت جلوگیری از جریمه مضاعف، فورا پرداخت نمایید.","spam"
"با سلام، یک سند گوگل با عنوان «قرارداد همکاری» با شما به اشتراک گذاشته شد. برای مشاهده، وارد حساب گوگل خود شوید.","spam"
"مشترک عزیز، کلاس آموزشی رایگان با مدرک معتبر! ظرفیت محدود؛ برای دریافت لینک، مشخصات خود را بفرستید.","spam"
"همراه گرامی، پیشنهاد همکاری شما همچنان فعال است. امکان انجام پروژه‌ها به صورت دورکاری وجود دارد؛ برای شروع مشخصات خود را ارسال کنید.","spam"
"کاربر محترم، متقاضی گرامی، درخواست مهاجرت شما تأیید شد. برای ادامه مراحل، مبلغ ۵۰۰ هزار تومان هزینه دبیرخانه واریز کنید.","spam"
"سلام من از پشتیبانی همراه بانک تماس می‌گیرم. برای حل مشکل شما، کد 5 رقمی که پیامک شد را بفرستید.","spam"
"کاربر محترم، یک اعتبار خرید بلااستفاده در حساب شما باقی مانده است. در صورت عدم استفاده تا ۲۴ ساعت آینده حذف می‌شود. همین حالا اقدام کنید.","spam"
"با سلام، یک پیام جدید درباره پرونده مالی شما ثبت شده است. برای مشاهده و جلوگیری از تأخیر، وارد سامانه شوید.","spam"
"کاربر عزیز، کارگزار محترم، قوانین جدید مالیاتی نیازمند تأیید مجدد حساب معاملاتی شماست. در صورت عدم اقدام تا پایان هفته حساب مسدود می‌شود.","spam"
"من کارشناس امنیت هستم. رمز پویای خود را پشت تلفن بخوانید تا حساب را امن کنیم.","spam"
"مشتری گرامی، یک پیام جدید درباره پرونده مالی شما ثبت شده است. برای مشاهده و جلوگیری از تأخیر، وارد سامانه شوید.","spam"
"مشتری گرامی، جلسه آموزشی رایگان ما پنجشنبه برگزار می‌شود. ظرفیت محدود است و ثبت‌نام تنها تا چند ساعت دیگر باز است.","spam"
"سلام من از پشتیبانی بانک تماس می‌گیرم. برای حل مشکل شما، کد 5 رقمی که پیامک شد را بفرستید.","spam"
"$$$$ واریز شد! همین الان چک کن: bit.ly/viee","spam"
"همراه گرامی، مشترک گرامی، شما واجد شرایط دریافت 20 گیگ اینترنت رایگان هستید. برای فعال‌سازی، کد فعال‌سازی سیم‌کارت را وارد کنید.","spam"
"سلام، جلسه آموزشی رایگان ما پنجشنبه برگزار می‌شود. ظرفیت محدود است و ثبت‌نام تنها تا چند ساعت دیگر باز است.","spam"
"$$$درآمد دلاری$$$ ثبت‌نام: bit.ly/nnzc","spam"
"کاربر عزیز، متقاضی گرامی، درخواست مهاجرت شما تأیید شد. برای ادامه مراحل، مبلغ یک میلیون تومان هزینه دبیرخانه واریز کنید.","spam"
"وبینار دیشب طبق برنامه برگزار شد. فایل ضبط‌شده برای شرکت‌کنندگان ارسال می‌شود.","ham"
"این پیام رو قطع نکن و برای 12 نفر بفرست تا حاجتت برآورده بشه.","spam"
"با سلام، هموطن گرامی، خلافی خودروی شما به مبلغ ۵۰۰ هزار تومان ثبت شده است. جهت جلوگیری از جریمه مضاعف، فورا پرداخت نمایید.","spam"
"سلام، همکاری پاره‌وقت بدون نیاز به تجربه؛ ظرفیت این هفته در حال تکمیل است. برای رزرو جایگاه خود اقدام کنید.","spam"
"سلام، درخواست همکاری شما دریافت شد. در صورت نیاز به نیروی متناسب با شما تماس خواهیم گرفت.","ham"
"مشترک عزیز، یک سند گوگل با عنوان «پیش‌فاکتور» با شما به اشتراک گذاشته شد. برای مشاهده، وارد حساب گوگل خود شوید.","spam"
"کلاس آموزشی رایگان با مدرک معتبر! ظرفیت محدود؛ برای دریافت لینک، مشخصات خود را بفرستید.","spam"
"کاربر گرامی، فعالیت مشکوک در حساب شما شناسایی شد. برای امنیت بیشتر، هویت خود را تا ۲۴ ساعت آینده تأیید کنید.","spam"
"این پیام رو برای 5 نفر بفرست وگرنه ضرر می‌کنی.","spam"
"با سلام، دوره رایگان کسب درآمد آنلاین امروز برگزار می‌شود. برای رزرو صندلی عدد ۱ را بفرستید.","spam"
"مشتری گرامی، فعالیت مشکوک در حساب شما شناسایی شد. برای امنیت بیشتر، هویت خود را تا چند ساعت آینده تأیید کنید.","spam"
"سلام، تبریک! شما برنده خوش‌شانس این هفته هستید. برای مشاهده جایزه وارد شوید.","spam"
"امتیازهای باشگاه شما در ۲۴ ساعت آینده منقضی می‌شوند. برای تبدیل آن‌ها به تخفیف اقدام کنید. برای استفاده وارد شوید.","spam"
"این پیام رو برای 12 نفر بفرست وگرنه ضرر می‌کنی.","spam"
"مشتری گرامی، ثبت‌نام کارگاه رایگان بورس تا پنجشنبه ادامه دارد. ظرفیت در حال تکمیل است، عجله کنید.","spam"
"کد تأییدی که الان برایتان آمد را برای من بفرستید تا تأیید هویت شما را برگردانم.","spam"
"از بانک واتساپ تماس می‌گیرم. برای جلوگیری از سوءاستفاده، کد پیامک‌شده را همین حالا اعلام کنید.","spam"
"سلام، مانده اعتبار شما ۲۰۰ هزار تومان است و تا پایان این ماه قابل استفاده می‌باشد. پس از آن حذف خواهد شد. همین حالا اقدام کنید.","spam"
"کاربر عزیز، بسته هدیه 50 گیگابایتی برای شما رزرو شده است. جهت دریافت، رمز یکبارمصرف خود را ارسال کنید.","spam"
"کاربر گرامی، یک پیام جدید درباره پرونده مالی شما ثبت شده است. برای مشاهده و جلوگیری از تأخیر، وارد سامانه شوید.","spam"
"کاربر عزیز، همکاری پاره‌وقت بدون نیاز به تجربه؛ ظرفیت این هفته در حال تکمیل است. برای رزرو جایگاه خود اقدام کنید.","spam"
"آگهی استخدام کارشناس فروش در شرکت معتبر؛ رزومه خود را به ایمیل درج‌شده در سایت ارسال کنید.","ham"
"کاربر گرامی، اعتبار هدیه شما در آستانه انقضا است. برای جلوگیری از سوختن آن تا ۲۴ ساعت آینده اقدام کنید. برای استفاده وارد شوید.","spam"
"کاربر محترم، فعالیت مشکوک در حساب شما شناسایی شد. برای امنیت بیشتر، هویت خود را تا پایان هفته تأیید کنید.","spam"
"مشترک عزیز، دوره رایگان کسب درآمد آنلاین امروز برگزار می‌شود. برای رزرو صندلی عدد ۱ را بفرستید.","spam"
"مشتری گرامی، یک اعتبار خرید بلااستفاده در حساب شما باقی مانده است. در صورت عدم استفاده تا پایان هفته حذف می‌شود. برای استفاده وارد شوید.","spam"
"مشتری گرامی، یک سند گوگل با عنوان «صورت‌جلسه» با شما به اشتراک گذاشته شد. برای مشاهده، وارد حساب گوگل خود شوید.","spam"
"کاربر گرامیآگهی استخدام کارشناس فروش در شرکت معتبر؛ رزومه خود را به ایمیل درج‌شده در سایت ارسال کنید.","ham"
"سلام، گوشی شما ویروسی شده است! برای پاکسازی فوری، برنامه امنیتی را نصب کنید.","spam"
"مشتری گرامی، شما 1000مین بازدیدکننده سایت هستید! برای دریافت هدیه، ظرف 5 دقیقه پاسخ دهید.","spam"
"کاربر عزیز، ورود ناشناس به حساب کاربری شما ثبت شده است. اگر شما نبودید، سریعاً رمز خود را از طریق لینک تغییر دهید.","spam"
"همراه گرامی، شما 1000000مین بازدیدکننده سایت هستید! برای دریافت هدیه، ظرف 5 دقیقه پاسخ دهید.","spam"
"کاربر محترممشترک گرامی، بسته اینترنت شما فردا منقضی می‌شود. برای تمدید می‌توانید از اپلیکیشن یا شماره‌گیری #۱*۴* استفاده کنید.","ham"
"با سلام، با سلام، درخواست همکاری شما در وضعیت نیمه‌فعال قرار دارد. برای نهایی شدن، تصویر مدرک شناسایی خود را ارسال نمایید.","spam"
"هرکی این پیام رو برای 7 نفر بفرست تا فردا خبر خوش می‌شنوه.","spam"
"کاربر عزیز، فرصت شغلی دورکاری با درآمد ثابت ماهانه برای شما رزرو شده است. جهت فعال‌سازی، اطلاعات تماس خود را بفرستید.","spam"
"کاربر گرامی، یک اعتبار خرید بلااستفاده در حساب شما باقی مانده است. در صورت عدم استفاده تا پایان هفته حذف می‌شود. برای مشاهده جزئیات کلیک کنید.","spam"
"این پیام رو برای 14 نفر بفرست وگرنه ضرر می‌کنی.","spam"
"هرکی این پیام رو برای 14 نفر بفرست تا فردا خبر خوش می‌شنوه.","spam"
"مشترک عزیز، مشترک گرامی، شما واجد شرایط دریافت 20 گیگ اینترنت رایگان هستید. برای فعال‌سازی، کد فعال‌سازی سیم‌کارت را وارد کنید.","spam"
"همراه گرامی، مشترک گرامی، شما واجد شرایط دریافت 50 گیگ اینترنت رایگان هستید. برای فعال‌سازی، کد فعال‌سازی سیم‌کارت را وارد کنید.","spam"
"کاربر محترم، هشدار: باتری گوشی شما به شدت آسیب دیده است. همین حالا نرم‌افزار تعمیر را نصب کنید.","spam"
"با سلام، تبریک! شما برنده خوش‌شانس این هفته هستید. برای مشاهده جایزه وارد شوید.","spam"
"هرکی نخونه ضرر کرده! فوری برای همه بفرست.","spam"
"همراه گرامی، پرونده ویزای شما در مرحله نهایی است. جهت صدور، هزینه کارمزد را تا پایان امروز پرداخت نمایید.","spam"
"همراه گرامی، سهامدار گرامی، به دلیل ناقص بودن اطلاعات هویتی، معاملات شما تا اطلاع ثانوی متوقف شده است.","spam"
"ثبت‌نام کارگاه رایگان بورس تا امروز ادامه دارد. ظرفیت در حال تکمیل است، عجله کنید.","spam"
"سلام من از پشتیبانی اینستاگرام تماس می‌گیرم. برای حل مشکل شما، کد 6 رقمی که پیامک شد را بفرستید.","spam"
"من کارشناس امنیت هستم. رمز پویای خود را پشت تلفن بخوانید تا حساب را امن کنیم.","spam"
"کاربر گرامی، پرونده ویزای شما در مرحله نهایی است. جهت صدور، هزینه کارمزد را تا پایان هفته پرداخت نمایید.","spam"
"کاربر محترم، جلسه آموزشی رایگان ما پنجشنبه برگزار می‌شود. ظرفیت محدود است و ثبت‌نام تنها تا چند ساعت دیگر باز است.","spam"
"از بانک واتساپ تماس می‌گیرم. برای جلوگیری از سوءاستفاده، کد پیامک‌شده را همین حالا اعلام کنید.","spam"
"سلام، آخرین فرصت ثبت‌نام در وبینار رایگان! فقط 3 صندلی باقی مانده است.","spam"
"مشتری گرامی، پیشنهاد ویژه همکاری: ماهانه ۳۰ میلیون تومان از منزل. برای دریافت جزئیات، مشخصات را به همین شماره بفرستید.","spam"
"شهروند گرامی، نوبت تعویض کارت ملی شما ثبت شد. برای مشاهده جزئیات به سامانه مراجعه کنید.","ham"
"همراه گرامی، کارگزار محترم، قوانین جدید مالیاتی نیازمند تأیید مجدد حساب معاملاتی شماست. در صورت عدم اقدام تا پایان امروز حساب مسدود می‌شود.","spam"
"مشترک عزیز، فایل «گزارش حسابرسی» در گوگل‌درایو به اشتراک گذاشته شد. برای دانلود با حساب خود وارد شوید.","spam"
"کاربر محترم، مانده اعتبار شما یک میلیون تومان است و تا ۲۴ ساعت آینده قابل استفاده می‌باشد. پس از آن حذف خواهد شد. همین حالا اقدام کنید.","spam"
"مشترک عزیز، کد هدیه استفاده‌نشده‌ای در حساب شما وجود دارد. در صورت عدم استفاده تا پایان امروز باطل می‌شود.","spam"
"!!!برنده!!! جایزه‌ات رو بگیر: bit.ly/tn5s","spam"
"سلام، برای فعال‌سازی مجدد شما به کد ارسال‌شده به گوشیتان نیاز دارم. لطفاً آن را بفرستید.","spam"
"مشترک عزیز، اعتبار هدیه شما در آستانه انقضا است. برای جلوگیری از سوختن آن تا چند ساعت آینده اقدام کنید.","spam"
"با سلام، تبریک! شما برنده خوش‌شانس این هفته هستید. برای مشاهده جایزه وارد شوید.","spam"
"با سلام، قبض آب شما پرداخت نشده و مشمول جریمه دیرکرد شده است. برای پرداخت فوری اقدام کنید.","spam"
"مشتری گرامیسلام، دوره‌ای که در آن ثبت‌نام کرده بودید پنجشنبه آغاز می‌شود. لینک ورود در پروفایل شماست.","ham"
"مشتری گرامی، مانده اعتبار شما یک میلیون تومان است و تا ۲۴ ساعت آینده قابل استفاده می‌باشد. پس از آن حذف خواهد شد. همین حالا اقدام کنید.","spam"
"با سلام، هموطن گرامی، خلافی خودروی شما به مبلغ ۲۰۰ هزار تومان ثبت شده است. جهت جلوگیری از جریمه مضاعف، فورا پرداخت نمایید.","spam"
"مشترک عزیز، فایل «قرارداد همکاری» در گوگل‌درایو به اشتراک گذاشته شد. برای دانلود با حساب خود وارد شوید.","spam"
"کد هدیه استفاده‌نشده‌ای در حساب شما وجود دارد. در صورت عدم استفاده تا پایان امروز باطل می‌شود. برای استفاده وارد شوید.","spam"
"همراه گرامی، جلسه آموزشی رایگان ما پنجشنبه برگزار می‌شود. ظرفیت محدود است و ثبت‌نام تنها تا چند ساعت دیگر باز است.","spam"
"سلام، برای فعال‌سازی مجدد شما به کد ارسال‌شده به گوشیتان نیاز دارم. لطفاً آن را بفرستید.","spam"
"کاربر محترم، هموطن گرامی، خلافی خودروی شما به مبلغ ۵۰۰ هزار تومان ثبت شده است. جهت جلوگیری از جریمه مضاعف، فورا پرداخت نمایید.","spam"
"من کارشناس امنیت هستم. رمز پویای خود را پشت تلفن بخوانید تا حساب را امن کنیم.","spam"
"مشترک عزیز، ورود ناشناس به حساب کاربری شما ثبت شده است. اگر شما نبودید، سریعاً رمز خود را از طریق لینک تغییر دهید.","spam"
"مشتری گرامی، فرصت شغلی دورکاری با درآمد ثابت ماهانه برای شما رزرو شده است. جهت فعال‌سازی، اطلاعات تماس خود را بفرستید.","spam"
"کاربر گرامی، ورود ناشناس به حساب کاربری شما ثبت شده است. اگر شما نبودید، سریعاً رمز خود را از طریق لینک تغییر دهید.","spam"
"قبض آب شما پرداخت نشده و مشمول جریمه دیرکرد شده است. برای پرداخت فوری اقدام کنید.","spam"
"همکاری پاره‌وقت بدون نیاز به تجربه؛ ظرفیت این هفته در حال تکمیل است. برای رزرو جایگاه خود اقدام کنید.","spam"
"کاربر عزیز، قبض آب شما پرداخت نشده و مشمول جریمه دیرکرد شده است. برای پرداخت فوری اقدام کنید.","spam"
"با سلام، ثبت‌نام کارگاه رایگان بورس تا امروز ادامه دارد. ظرفیت در حال تکمیل است، عجله کنید.","spam"
"با سلامسلام، درخواست همکاری شما دریافت شد. در صورت نیاز به نیروی متناسب با شما تماس خواهیم گرفت.","ham"
"مشترک عزیز، تبریک! شما برنده خوش‌شانس این هفته هستید. برای مشاهده جایزه وارد شوید.","spam"
"کاربر گرامی، اعتبار هدیه شما در آستانه انقضا است. برای جلوگیری از سوختن آن تا ۲۴ ساعت آینده اقدام کنید.","spam"
"مشتری گرامی، به دلیل استفاده نکردن از اعتبار اختصاص‌یافته، ممکن است امتیازهای شما در پایان امروز حذف شوند. همین حالا اقدام کنید.","spam"
"قبض برق شما معوق شده است. برای جلوگیری از قطع انشعاب تا پایان این ماه از طریق درگاه پرداخت کنید.","spam"
"همکار گرامی، یادآوری می‌شود مهلت تمدید بیمه تکمیلی پایان ماه است. تمدید از پنل کارکنان.","ham"
"با سلام، اشتراک شما تمدید شد و تا پایان دوره معتبر است. از همراهی شما سپاسگزاریم.","ham"
"سلام، برای تأیید هویت شما به کد ارسال‌شده به گوشیتان نیاز دارم. لطفاً آن را بفرستید.","spam"
"کاربر محترم، مشترک گرامی، شما واجد شرایط دریافت 20 گیگ اینترنت رایگان هستید. برای فعال‌سازی، کد فعال‌سازی سیم‌کارت را وارد کنید.","spam"
"کاربر گرامی، هشدار: باتری گوشی شما به شدت آسیب دیده است. همین حالا نرم‌افزار تعمیر را نصب کنید.","spam"
"این پیام رو قطع نکن و برای 14 نفر بفرست تا حاجتت برآورده بشه.","spam"
"سلام، قبض آب شما پرداخت نشده و مشمول جریمه دیرکرد شده است. برای پرداخت فوری اقدام کنید.","spam"
"مشتری گرامی، یک اعتبار خرید بلااستفاده در حساب شما باقی مانده است. در صورت عدم استفاده تا ۲۴ ساعت آینده حذف می‌شود. برای استفاده وارد شوید.","spam"
"***تخفیف*** فقط امروز: bit.ly/1jv7","spam"
"مشترک عزیز، کد هدیه استفاده‌نشده‌ای در حساب شما وجود دارد. در صورت عدم استفاده تا پایان هفته باطل می‌شود. برای استفاده وارد شوید.","spam"
"با سلام، شما 1000000مین بازدیدکننده سایت هستید! برای دریافت هدیه، ظرف 10 دقیقه پاسخ دهید.","spam"
"از بانک واتساپ تماس می‌گیرم. برای جلوگیری از سوءاستفاده، کد پیامک‌شده را همین حالا اعلام کنید.","spam"
"کاربر عزیز، مانده اعتبار شما دو میلیون تومان است و تا پایان هفته قابل استفاده می‌باشد. پس از آن حذف خواهد شد. برای استفاده وارد شوید.","spam"
"آخرین فرصت ثبت‌نام در وبینار رایگان! فقط 3 صندلی باقی مانده است.","spam"
"اگه این پیام رو فوروارد نکنی اتفاق بدی می‌افته. باور کن!","spam"
"مشترک عزیز، بسته هدیه 5 گیگابایتی برای شما رزرو شده است. جهت دریافت، رمز یکبارمصرف خود را ارسال کنید.","spam"
"با سلام، پیشنهاد همکاری شما همچنان فعال است. امکان انجام پروژه‌ها به صورت دورکاری وجود دارد؛ برای شروع مشخصات خود را ارسال کنید.","spam"
"کاربر گرامی، شکایتی علیه شما ثبت شده است. برای مشاهده متن شکایت و جلوگیری از ارجاع به مراجع، فوراً وارد شوید.","spam"
"هرکی این پیام رو برای 20 نفر بفرست تا فردا خبر خوش می‌شنوه.","spam"
"مشتری گرامی، بسته هدیه 5 گیگابایتی برای شما رزرو شده است. جهت دریافت، رمز یکبارمصرف خود را ارسال کنید.","spam"
"با سلام، پیشنهاد ویژه همکاری: ماهانه ۳۰ میلیون تومان از منزل. برای دریافت جزئیات، مشخصات را به همین شماره بفرستید.","spam"
"کاربر عزیز، مشترک گرامی، شما واجد شرایط دریافت 10 گیگ اینترنت رایگان هستید. برای فعال‌سازی، کد فعال‌سازی سیم‌کارت را وارد کنید.","spam"
"$$$$ واریز شد! همین الان چک کن: bit.ly/0ubo","spam"
"$$$$ واریز شد! همین الان چک کن: bit.ly/80ep","spam"
"همراه گرامی، امتیازهای باشگاه شما در پایان امروز منقضی می‌شوند. برای تبدیل آن‌ها به تخفیف اقدام کنید.","spam"
"کاربر عزیز، پرونده ویزای شما در مرحله نهایی است. جهت صدور، هزینه کارمزد را تا ۲۴ ساعت آینده پرداخت نمایید.","spam"
"کد تأییدی که الان برایتان آمد را برای من بفرستید تا رفع مسدودی شما را برگردانم.","spam"
"از بانک تلگرام تماس می‌گیرم. برای جلوگیری از سوءاستفاده، کد پیامک‌شده را همین حالا اعلام کنید.","spam"
"مشتری گرامی، فرصت شغلی دورکاری با درآمد ثابت ماهانه برای شما رزرو شده است. جهت فعال‌سازی، اطلاعات تماس خود را بفرستید.","spam"
"مشترک عزیز، فرصت شغلی دورکاری با درآمد ثابت ماهانه برای شما رزرو شده است. جهت فعال‌سازی، اطلاعات تماس خود را بفرستید.","spam"
"مشترک عزیز، فعالیت مشکوک در حساب شما شناسایی شد. برای امنیت بیشتر، هویت خود را تا پایان امروز تأیید کنید.","spam"
"با سلام، یک پیام جدید درباره پرونده مالی شما ثبت شده است. برای مشاهده و جلوگیری از تأخیر، وارد سامانه شوید.","spam"
"من کارشناس امنیت هستم. رمز پویای خود را پشت تلفن بخوانید تا حساب را امن کنیم.","spam"
"مشتری گرامی، شما 1000000مین بازدیدکننده سایت هستید! برای دریافت هدیه، ظرف 5 دقیقه پاسخ دهید.","spam"
"سلام، دوره‌ای که در آن ثبت‌نام کرده بودید پنجشنبه آغاز می‌شود. لینک ورود در پروفایل شماست.","ham"
"مشترک عزیز، یک سند گوگل با عنوان «پیش‌فاکتور» با شما به اشتراک گذاشته شد. برای مشاهده، وارد حساب گوگل خود شوید.","spam"
"کاربر گرامی، کد هدیه استفاده‌نشده‌ای در حساب شما وجود دارد. در صورت عدم استفاده تا چند ساعت آینده باطل می‌شود. همین حالا اقدام کنید.","spam"
"وبینار دیشب طبق برنامه برگزار شد. فایل ضبط‌شده برای شرکت‌کنندگان ارسال می‌شود.","ham"
"$$$$ واریز شد! همین الان چک کن: bit.ly/po5s","spam"
"مشترک عزیز، به دلیل استفاده نکردن از اعتبار اختصاص‌یافته، ممکن است امتیازهای شما در پایان هفته حذف شوند.","spam"
"سلام، کد هدیه استفاده‌نشده‌ای در حساب شما وجود دارد. در صورت عدم استفاده تا ساعت ۲۴ امشب باطل می‌شود. برای استفاده وارد شوید.","spam"
"!!!برنده!!! جایزه‌ات رو بگیر: bit.ly/czyc","spam"
"کاربر عزیز، پیشنهاد ویژه همکاری: ماهانه ۳۰ میلیون تومان از منزل. برای دریافت جزئیات، مشخصات را به همین شماره بفرستید.","spam"
"کاربر محترم، امتیازهای باشگاه شما در پایان امروز منقضی می‌شوند. برای تبدیل آن‌ها به تخفیف اقدام کنید. همین حالا اقدام کنید.","spam"
"همراه گرامی، اعتبار هدیه شما در آستانه انقضا است. برای جلوگیری از سوختن آن تا ۲۴ ساعت آینده اقدام کنید.","spam"
"مشترک عزیز، قبض آب شما پرداخت نشده و مشمول جریمه دیرکرد شده است. برای پرداخت فوری اقدام کنید.","spam"
"مشتری گرامی، ثبت‌نام کارگاه رایگان بورس تا فردا ادامه دارد. ظرفیت در حال تکمیل است، عجله کنید.","spam"
"$$$$ واریز شد! همین الان چک کن: bit.ly/yv4x","spam"
"فایل «لیست حقوق» در گوگل‌درایو به اشتراک گذاشته شد. برای دانلود با حساب خود وارد شوید.","spam"
"از بانک تلگرام تماس می‌گیرم. برای جلوگیری از سوءاستفاده، کد پیامک‌شده را همین حالا اعلام کنید.","spam"
"سلام، بسته هدیه 10 گیگابایتی برای شما رزرو شده است. جهت دریافت، رمز یکبارمصرف خود را ارسال کنید.","spam"
"مشترک گرامی، بسته اینترنت شما فردا منقضی می‌شود. برای تمدید می‌توانید از اپلیکیشن یا شماره‌گیری #۱*۴* استفاده کنید.","ham"
"سلام، برای رفع مسدودی شما به کد ارسال‌شده به گوشیتان نیاز دارم. لطفاً آن را بفرستید.","spam"
"با سلام، پیشنهاد ویژه همکاری: ماهانه ۳۰ میلیون تومان از منزل. برای دریافت جزئیات، مشخصات را به همین شماره بفرستید.","spam"
"مشترک عزیز، ورود ناشناس به حساب کاربری شما ثبت شده است. اگر شما نبودید، سریعاً رمز خود را از طریق لینک تغییر دهید.","spam"
"با سلام، اشتراک شما تمدید شد و تا پایان دوره معتبر است. از همراهی شما سپاسگزاریم.","ham"
"کاربر گرامی، دوره رایگان کسب درآمد آنلاین امروز برگزار می‌شود. برای رزرو صندلی عدد ۱ را بفرستید.","spam"
"وبینار دیشب طبق برنامه برگزار شد. فایل ضبط‌شده برای شرکت‌کنندگان ارسال می‌شود.","ham"
"با سلام، قبض برق شما معوق شده است. برای جلوگیری از قطع انشعاب تا ساعت ۲۴ امشب از طریق درگاه پرداخت کنید.","spam"
"مشترک عزیز، قبض آب شما پرداخت نشده و مشمول جریمه دیرکرد شده است. برای پرداخت فوری اقدام کنید.","spam"
"کاربر محترم، فعالیت مشکوک در حساب شما شناسایی شد. برای امنیت بیشتر، هویت خود را تا ۲۴ ساعت آینده تأیید کنید.","spam"
"کد تأییدی که الان برایتان آمد را برای من بفرستید تا تأیید هویت شما را برگردانم.","spam"
"کاربر محترم، به دلیل استفاده نکردن از اعتبار اختصاص‌یافته، ممکن است امتیازهای شما در پایان این ماه حذف شوند. برای مشاهده جزئیات کلیک کنید.","spam"
"با سلام، درخواست همکاری شما در وضعیت نیمه‌فعال قرار دارد. برای نهایی شدن، تصویر مدرک شناسایی خود را ارسال نمایید.","spam"
"کاربر گرامی، تبریک! شما برنده خوش‌شانس این هفته هستید. برای مشاهده جایزه وارد شوید.","spam"
"مشترک عزیز، قبض برق شما معوق شده است. برای جلوگیری از قطع انشعاب تا پایان این ماه از طریق درگاه پرداخت کنید.","spam"
"همراه گرامی، یک سند گوگل با عنوان «گزارش حسابرسی» با شما به اشتراک گذاشته شد. برای مشاهده، وارد حساب گوگل خود شوید.","spam"
"این پیام رو قطع نکن و برای 7 نفر بفرست تا حاجتت برآورده بشه.","spam"
"کاربر گرامی، فعالیت مشکوک در حساب شما شناسایی شد. برای امنیت بیشتر، هویت خود را تا پایان هفته تأیید کنید.","spam"
"سلام، آخرین فرصت ثبت‌نام در وبینار رایگان! فقط 10 صندلی باقی مانده است.","spam"
"اگه این پیام رو فوروارد نکنی اتفاق بدی می‌افته. باور کن!","spam"
"مشترک گرامی، شما واجد شرایط دریافت 10 گیگ اینترنت رایگان هستید. برای فعال‌سازی، کد فعال‌سازی سیم‌کارت را وارد کنید.","spam"
"با سلام، جلسه آموزشی رایگان ما فردا برگزار می‌شود. ظرفیت محدود است و ثبت‌نام تنها تا چند ساعت دیگر باز است.","spam"
"من کارشناس امنیت هستم. رمز پویای خود را پشت تلفن بخوانید تا حساب را امن کنیم.","spam"
"من کارشناس امنیت هستم. رمز پویای خود را پشت تلفن بخوانید تا حساب را امن کنیم.","spam"
"کاربر عزیز، سهامدار گرامی، به دلیل ناقص بودن اطلاعات هویتی، معاملات شما تا اطلاع ثانوی متوقف شده است.","spam"
"***تخفیف*** فقط امروز: bit.ly/ma8s","spam"
"کاربر عزیز، اعتبار هدیه شما در آستانه انقضا است. برای جلوگیری از سوختن آن تا پایان امروز اقدام کنید. برای استفاده وارد شوید.","spam"
"مشترک عزیز، ورود ناشناس به حساب کاربری شما ثبت شده است. اگر شما نبودید، سریعاً رمز خود را از طریق لینک تغییر دهید.","spam"
"مانده اعتبار شما یک میلیون تومان است و تا چند ساعت آینده قابل استفاده می‌باشد. پس از آن حذف خواهد شد. همین حالا اقدام کنید.","spam"
"کاربر محترم، فایل «قرارداد همکاری» در گوگل‌درایو به اشتراک گذاشته شد. برای دانلود با حساب خود وارد شوید.","spam"
"با سلام، کلاس آموزشی رایگان با مدرک معتبر! ظرفیت محدود؛ برای دریافت لینک، مشخصات خود را بفرستید.","spam"
"پیامک اطلاع‌رسانی: مبلغ خلافی خودرو شما از طریق درگاه رسمی پلیس راهور قابل مشاهده و پرداخت است.","ham"
"سلام، برای تأیید هویت شما به کد ارسال‌شده به گوشیتان نیاز دارم. لطفاً آن را بفرستید.","spam"
"کاربر گرامی، پیشنهاد همکاری شما همچنان فعال است. امکان انجام پروژه‌ها به صورت دورکاری وجود دارد؛ برای شروع مشخصات خود را ارسال کنید.","spam"
"مشتری گرامی، هموطن گرامی، خلافی خودروی شما به مبلغ ۲۰۰ هزار تومان ثبت شده است. جهت جلوگیری از جریمه مضاعف، فورا پرداخت نمایید.","spam"
"با سلام، شما 1000مین بازدیدکننده سایت هستید! برای دریافت هدیه، ظرف 10 دقیقه پاسخ دهید.","spam"
"سلام، پرونده ویزای شما در مرحله نهایی است. جهت صدور، هزینه کارمزد را تا پایان هفته پرداخت نمایید.","spam"
"سلام، برای رفع مسدودی شما به کد ارسال‌شده به گوشیتان نیاز دارم. لطفاً آن را بفرستید.","spam"
"همکاری پاره‌وقت بدون نیاز به تجربه؛ ظرفیت این هفته در حال تکمیل است. برای رزرو جایگاه خود اقدام کنید.","spam"
"با سلام، ثبت‌نام کارگاه رایگان بورس تا پنجشنبه ادامه دارد. ظرفیت در حال تکمیل است، عجله کنید.","spam"
"هرکی این پیام رو برای 12 نفر بفرست تا فردا خبر خوش می‌شنوه.","spam"
"!!!برنده!!! جایزه‌ات رو بگیر: bit.ly/59qo","spam"
"سلام، مانده اعتبار شما دو میلیون تومان است و تا چند ساعت آینده قابل استفاده می‌باشد. پس از آن حذف خواهد شد. برای استفاده وارد شوید.","spam"
"به نیت 20 معصوم این پیام رو بفرست و ثوابش رو ببر.","spam"
"کد تأییدی که الان برایتان آمد را برای من بفرستید تا تأیید هویت شما را برگردانم.","spam"
"کاربر عزیز، پیشنهاد ویژه همکاری: ماهانه ۳۰ میلیون تومان از منزل. برای دریافت جزئیات، مشخصات را به همین شماره بفرستید.","spam"
"مشترک گرامی، بسته اینترنت شما فردا منقضی می‌شود. برای تمدید می‌توانید از اپلیکیشن یا شماره‌گیری #۱*۴* استفاده کنید.","ham"
"با سلام، متقاضی گرامی، درخواست مهاجرت شما تأیید شد. برای ادامه مراحل، مبلغ ۲۰۰ هزار تومان هزینه دبیرخانه واریز کنید.","spam"
"مشترک عزیز، شما 1000مین بازدیدکننده سایت هستید! برای دریافت هدیه، ظرف 10 دقیقه پاسخ دهید.","spam"
"اگه این پیام رو فوروارد نکنی اتفاق بدی می‌افته. باور کن!","spam"
"سلام، برای بازیابی اکانت شما به کد ارسال‌شده به گوشیتان نیاز دارم. لطفاً آن را بفرستید.","spam"
"کاربر گرامی، همکاری پاره‌وقت بدون نیاز به تجربه؛ ظرفیت این هفته در حال تکمیل است. برای رزرو جایگاه خود اقدام کنید.","spam"
"کاربر محترم، به دلیل استفاده نکردن از اعتبار اختصاص‌یافته، ممکن است امتیازهای شما در پایان این ماه حذف شوند. همین حالا اقدام کنید.","spam"
"فعالیت مشکوک در حساب شما شناسایی شد. برای امنیت بیشتر، هویت خود را تا پایان هفته تأیید کنید.","spam"
"مشترک عزیز، کد هدیه استفاده‌نشده‌ای در حساب شما وجود دارد. در صورت عدم استفاده تا پایان این ماه باطل می‌شود.","spam"
"پیشنهاد همکاری شما همچنان فعال است. امکان انجام پروژه‌ها به صورت دورکاری وجود دارد؛ برای شروع مشخصات خود را ارسال کنید.","spam"
"همراه گرامی، فرصت شغلی دورکاری با درآمد ثابت ماهانه برای شما رزرو شده است. جهت فعال‌سازی، اطلاعات تماس خود را بفرستید.","spam"
"سلام، همکاری پاره‌وقت بدون نیاز به تجربه؛ ظرفیت این هفته در حال تکمیل است. برای رزرو جایگاه خود اقدام کنید.","spam"
"کاربر عزیز، پرونده ویزای شما در مرحله نهایی است. جهت صدور، هزینه کارمزد را تا پایان این ماه پرداخت نمایید.","spam"
"یک اعتبار خرید بلااستفاده در حساب شما باقی مانده است. در صورت عدم استفاده تا ۲۴ ساعت آینده حذف می‌شود. همین حالا اقدام کنید.","spam"
"همراه گرامی، مشترک گرامی، شما واجد شرایط دریافت 10 گیگ اینترنت رایگان هستید. برای فعال‌سازی، کد فعال‌سازی سیم‌کارت را وارد کنید.","spam"
"سلام، پیشنهاد همکاری شما همچنان فعال است. امکان انجام پروژه‌ها به صورت دورکاری وجود دارد؛ برای شروع مشخصات خود را ارسال کنید.","spam"
"مشتری گرامی، قبض برق شما معوق شده است. برای جلوگیری از قطع انشعاب تا پایان امروز از طریق درگاه پرداخت کنید.","spam"
"مشتری گرامی، شما 500000مین بازدیدکننده سایت هستید! برای دریافت هدیه، ظرف 5 دقیقه پاسخ دهید.","spam"
"کاربر گرامی، مشترک گرامی، شما واجد شرایط دریافت 5 گیگ اینترنت رایگان هستید. برای فعال‌سازی، کد فعال‌سازی سیم‌کارت را وارد کنید.","spam"
"مشترک عزیز، ورود ناشناس به حساب کاربری شما ثبت شده است. اگر شما نبودید، سریعاً رمز خود را از طریق لینک تغییر دهید.","spam"
"آگهی استخدام کارشناس فروش در شرکت معتبر؛ رزومه خود را به ایمیل درج‌شده در سایت ارسال کنید.","ham"
"سلام، یک پیام جدید درباره پرونده مالی شما ثبت شده است. برای مشاهده و جلوگیری از تأخیر، وارد سامانه شوید.","spam"
"مشترک عزیز، فعالیت مشکوک در حساب شما شناسایی شد. برای امنیت بیشتر، هویت خود را تا پایان هفته تأیید کنید.","spam"
"به نیت 14 معصوم این پیام رو بفرست و ثوابش رو ببر.","spam"
"فعالیت مشکوک در حساب شما شناسایی شد. برای امنیت بیشتر، هویت خود را تا پایان امروز تأیید کنید.","spam"
"سلام، متقاضی گرامی، درخواست مهاجرت شما تأیید شد. برای ادامه مراحل، مبلغ ۲۰۰ هزار تومان هزینه دبیرخانه واریز کنید.","spam"
"مشترک عزیز، امتیازهای باشگاه شما در ساعت ۲۴ امشب منقضی می‌شوند. برای تبدیل آن‌ها به تخفیف اقدام کنید.","spam"
"سلام، اعتبار هدیه شما در آستانه انقضا است. برای جلوگیری از سوختن آن تا پایان هفته اقدام کنید.","spam"
"مشترک گرامی، شما واجد شرایط دریافت 5 گیگ اینترنت رایگان هستید. برای فعال‌سازی، کد فعال‌سازی سیم‌کارت را وارد کنید.","spam"
"***تخفیف*** فقط امروز: bit.ly/2x20","spam"
"کاربر عزیز، پیشنهاد همکاری شما همچنان فعال است. امکان انجام پروژه‌ها به صورت دورکاری وجود دارد؛ برای شروع مشخصات خود را ارسال کنید.","spam"
"کاربر عزیز، همکاری پاره‌وقت بدون نیاز به تجربه؛ ظرفیت این هفته در حال تکمیل است. برای رزرو جایگاه خود اقدام کنید.","spam"
"کارگزار محترم، قوانین جدید مالیاتی نیازمند تأیید مجدد حساب معاملاتی شماست. در صورت عدم اقدام تا پایان هفته حساب مسدود می‌شود.","spam"
"***تخفیف*** فقط امروز: bit.ly/zktr","spam"
"مشترک عزیز، پیشنهاد همکاری شما همچنان فعال است. امکان انجام پروژه‌ها به صورت دورکاری وجود دارد؛ برای شروع مشخصات خود را ارسال کنید.","spam"
"با سلام، پیشنهاد همکاری شما همچنان فعال است. امکان انجام پروژه‌ها به صورت دورکاری وجود دارد؛ برای شروع مشخصات خود را ارسال کنید.","spam"
"سلام، شکایتی علیه شما ثبت شده است. برای مشاهده متن شکایت و جلوگیری از ارجاع به مراجع، فوراً وارد شوید.","spam"
"مشتری گرامی، کلاس آموزشی رایگان با مدرک معتبر! ظرفیت محدود؛ برای دریافت لینک، مشخصات خود را بفرستید.","spam"
"$$$درآمد دلاری$$$ ثبت‌نام: bit.ly/wyfb","spam"
"با سلام، ورود ناشناس به حساب کاربری شما ثبت شده است. اگر شما نبودید، سریعاً رمز خود را از طریق لینک تغییر دهید.","spam"
"پیشنهاد همکاری شما همچنان فعال است. امکان انجام پروژه‌ها به صورت دورکاری وجود دارد؛ برای شروع مشخصات خود را ارسال کنید.","spam"
"سلام من از پشتیبانی بانک تماس می‌گیرم. برای حل مشکل شما، کد 5 رقمی که پیامک شد را بفرستید.","spam"
"مشتری گرامی، مشترک گرامی، شما واجد شرایط دریافت 5 گیگ اینترنت رایگان هستید. برای فعال‌سازی، کد فعال‌سازی سیم‌کارت را وارد کنید.","spam"
"کاربر محترم، ثبت‌نام کارگاه رایگان بورس تا پنجشنبه ادامه دارد. ظرفیت در حال تکمیل است، عجله کنید.","spam"
"مشترک عزیز، فایل «قرارداد همکاری» در گوگل‌درایو به اشتراک گذاشته شد. برای دانلود با حساب خود وارد شوید.","spam"
"سلام، قبض برق شما معوق شده است. برای جلوگیری از قطع انشعاب تا پایان امروز از طریق درگاه پرداخت کنید.","spam"
"مشتری گرامی، گوشی شما ویروسی شده است! برای پاکسازی فوری، برنامه امنیتی را نصب کنید.","spam"
"کاربر گرامی، وبینار دیشب طبق برنامه برگزار شد. فایل ضبط‌شده برای شرکت‌کنندگان ارسال می‌شود.","ham"
"کد تأییدی که الان برایتان آمد را برای من بفرستید تا فعال‌سازی مجدد شما را برگردانم.","spam"
"من کارشناس امنیت هستم. رمز پویای خود را پشت تلفن بخوانید تا حساب را امن کنیم.","spam"
"سلام، دوره‌ای که در آن ثبت‌نام کرده بودید پنجشنبه آغاز می‌شود. لینک ورود در پروفایل شماست.","ham"
"کاربر عزیز، مشترک گرامی، شما واجد شرایط دریافت 20 گیگ اینترنت رایگان هستید. برای فعال‌سازی، کد فعال‌سازی سیم‌کارت را وارد کنید.","spam"
"$$$درآمد دلاری$$$ ثبت‌نام: bit.ly/ce3t","spam"
"کاربر محترم، یک سند گوگل با عنوان «صورت‌جلسه» با شما به اشتراک گذاشته شد. برای مشاهده، وارد حساب گوگل خود شوید.","spam"
"مشترک عزیز، همکاری پاره‌وقت بدون نیاز به تجربه؛ ظرفیت این هفته در حال تکمیل است. برای رزرو جایگاه خود اقدام کنید.","spam"
"با سلام، کارگزار محترم، قوانین جدید مالیاتی نیازمند تأیید مجدد حساب معاملاتی شماست. در صورت عدم اقدام تا ۲۴ ساعت آینده حساب مسدود می‌شود.","spam"
"مشتری گرامی، آخرین فرصت ثبت‌نام در وبینار رایگان! فقط 5 صندلی باقی مانده است.","spam"
"همراه گرامی، کارگزار محترم، قوانین جدید مالیاتی نیازمند تأیید مجدد حساب معاملاتی شماست. در صورت عدم اقدام تا ساعت ۲۴ امشب حساب مسدود می‌شود.","spam"
"فعالیت مشکوک در حساب شما شناسایی شد. برای امنیت بیشتر، هویت خود را تا چند ساعت آینده تأیید کنید.","spam"
"فایل «صورت‌جلسه» در گوگل‌درایو به اشتراک گذاشته شد. برای دانلود با حساب خود وارد شوید.","spam"
"مشتری گرامی، ثبت‌نام کارگاه رایگان بورس تا فردا ادامه دارد. ظرفیت در حال تکمیل است، عجله کنید.","spam"
"کاربر محترم، فرصت شغلی دورکاری با درآمد ثابت ماهانه برای شما رزرو شده است. جهت فعال‌سازی، اطلاعات تماس خود را بفرستید.","spam"
"با سلام، اشتراک شما تمدید شد و تا پایان دوره معتبر است. از همراهی شما سپاسگزاریم.","ham"
"کاربر عزیز، شما 500000مین بازدیدکننده سایت هستید! برای دریافت هدیه، ظرف 5 دقیقه پاسخ دهید.","spam"
"من کارشناس امنیت هستم. رمز پویای خود را پشت تلفن بخوانید تا حساب را امن کنیم.","spam"
"من کارشناس امنیت هستم. رمز پویای خود را پشت تلفن بخوانید تا حساب را امن کنیم.","spam"
"کد تأییدی که الان برایتان آمد را برای من بفرستید تا رفع مسدودی شما را برگردانم.","spam"
"مشترک عزیز، هشدار: باتری گوشی شما به شدت آسیب دیده است. همین حالا نرم‌افزار تعمیر را نصب کنید.","spam"
"کاربر محترم، کلاس آموزشی رایگان با مدرک معتبر! ظرفیت محدود؛ برای دریافت لینک، مشخصات خود را بفرستید.","spam"
"$$$درآمد دلاری$$$ ثبت‌نام: bit.ly/787q","spam"
"کاربر گرامی، امتیازهای باشگاه شما در پایان هفته منقضی می‌شوند. برای تبدیل آن‌ها به تخفیف اقدام کنید. برای مشاهده جزئیات کلیک کنید.","spam"
"هرکی این پیام رو برای 7 نفر بفرست تا فردا خبر خوش می‌شنوه.","spam"
"یک پیام جدید درباره پرونده مالی شما ثبت شده است. برای مشاهده و جلوگیری از تأخیر، وارد سامانه شوید.","spam"
"با سلام، همکاری پاره‌وقت بدون نیاز به تجربه؛ ظرفیت این هفته در حال تکمیل است. برای رزرو جایگاه خود اقدام کنید.","spam"
"اگه این پیام رو فوروارد نکنی اتفاق بدی می‌افته. باور کن!","spam"
"سلام، به دلیل استفاده نکردن از اعتبار اختصاص‌یافته، ممکن است امتیازهای شما در چند ساعت آینده حذف شوند. برای مشاهده جزئیات کلیک کنید.","spam"
"کاربر گرامی، امتیازهای باشگاه شما در ۲۴ ساعت آینده منقضی می‌شوند. برای تبدیل آن‌ها به تخفیف اقدام کنید. همین حالا اقدام کنید.","spam"
"این پیام رو برای 20 نفر بفرست وگرنه ضرر می‌کنی.","spam"
"کاربر محترم، آخرین فرصت ثبت‌نام در وبینار رایگان! فقط 5 صندلی باقی مانده است.","spam"
"این پیام رو برای 10 نفر بفرست وگرنه ضرر می‌کنی.","spam"
"$$$درآمد دلاری$$$ ثبت‌نام: bit.ly/c465","spam"
