text,label
thanks بابت فایل,ham
بدون تجربه ماهی ۵۰ میلیون درآمد داشته باشید. همین حالا شروع کنید.,spam
جشنواره فروش لپ تاپ! ۵۰٪ تخفیف. ارسال رایگان. فرصت را از دست ندهید.,spam
مشترک گرامی، کارت شما غیرفعال شده است. جهت جلوگیری از قطع، رمز پویا را ارسال کنید.,spam
سلام، نمره میانترم کی اعلام میشه؟,ham
سفته شما صادر شده است. جهت جلوگیری از ارجاع به مراجع قضایی فورا اقدام کنید.,spam
سلام، رسیدم خونه. خبرت می کنم.,ham
ممنون که وقت گذاشتید استاد.,ham
"ghore kashi bozorg! shoma barande shodid, click konid",spam
عزیز درگاه بانکی، اشتراک شما مسدود شده است. قبل از غیرفعال شدن، اطلاعات کارت را وارد نمایید.,spam
کسب درآمد روزانه از تلگرام بدون تجربه! ثبت نام رایگان، ظرفیت محدود.,spam
سلام، ثبت نام دوره آموزشی رایگان تیم فنی تا پنجشنبه باز است. لطفا فرم را تکمیل کنید.,ham
سلام، برنده مسابقه کتابخوانی کتابخانه شرکت مشخص شد. اسامی در کانال داخلی اعلام می گردد.,ham
فروش ویژه موبایل با ۵۰ درصد تخفیف فقط تا پایان هفته. همین الان سفارش دهید و رایگان تحویل بگیرید.,spam
سلام، برای شرکت در دوره رایگان مهارت های نرم لطفا با واحد آموزش هماهنگ کنید.,ham
فروش ویژه مبلمان با ۸۰ درصد تخفیف فقط تا پایان هفته. همین الان سفارش دهید و رایگان تحویل بگیرید.,spam
ممنون,ham
سلام، جزوه امروز رو کسی داره؟,ham
وام فوری بدون ض ا م ن همین حالا,spam
bye، شب بخیر,ham
thanks بابت فایل,ham
سلام، فاکتور جایزه مسابقه داخلی شرکت را پیوست کردم. لطفا تایید کنید تا پرداخت شود.,ham
thanks بابت فایل,ham
پرونده شکایت شما دارای بدهی است. جهت جلوگیری از جریمه فورا اقدام کنید.,spam
مشترک گرامی، اشتراک شما غیرفعال شده است. برای جلوگیری از مسدود شدن، کد تایید را بفرستید.,spam
سلام، جزوه امروز رو کسی داره؟,ham
سلام، جلسه دوشنبه ساعت 12 در اتاق کنفرانس برگزار می شود. لطفا حضور داشته باشید.,ham
مشترک گرامی، کارت هدیه شما مسدود شده است. جهت جلوگیری از قطع، اطلاعات خود را تایید کنید.,spam
فروش ویژه عطر و ادکلن با ۷۰ درصد تخفیف فقط تا فردا. همین الان سفارش دهید و رایگان تحویل بگیرید.,spam
منتظرتم,ham
بدون تجربه ماهی ۲۰ میلیون درآمد داشته باشید. همین حالا شروع کنید.,spam
بدون سرمایه ماهی ۲۰ میلیون درآمد داشته باشید. همین حالا شروع کنید.,spam
یارانه شما صادر شده است. جهت جلوگیری از ارجاع به مراجع قضایی فورا اقدام کنید.,spam
فرصت ویژه بیت کوین. سود ۴۰٪ ماهانه. ظرفیت محدود. عضویت در کانال.,spam
سفته شما در انتظار اقدام است. جهت جلوگیری از مسدودی فورا اقدام کنید.,spam
با سلام، فاکتور فروش شماره 2023 صادر شد. در صورت مغایرت اطلاع دهید. با تشکر,ham
سهام عدالت شما دارای بدهی است. جهت جلوگیری از مسدودی فورا اقدام کنید.,spam
پرونده مالیاتی شما دارای بدهی است. جهت جلوگیری از مسدودی فورا اقدام کنید.,spam
فرصت ویژه ترید. سود ۳۰٪ ماهانه. ظرفیت محدود. عضویت در کانال.,spam
همکاران گرامی، طرح بیمه تکمیلی کارکنان در سامانه داخلی بارگذاری شد.,ham
سلام مریم جان، جزوه جلسه قبل رو برات فرستادم. اگه سوالی داشتی بپرس.,ham
یارانه شما نیاز به پیگیری دارد. جهت جلوگیری از ارجاع به مراجع قضایی فورا اقدام کنید.,spam
با خبر شدیم شما برنده ۲۰ میلیون تومان شدید. عدد ۱ را به ۳۰۰۰ بفرستید.,spam
کاربر محترم اپراتور شما، سیم‌کارت شما نیاز به بازبینی دارد. در غیر این صورت حساب مسدود می‌شود، روی لینک زیر کلیک کنید.,spam
همراه عزیز اپراتور شما، کارت هدیه شما مسدود شده است. در غیر این صورت حساب مسدود می‌شود، مشخصات را به‌روزرسانی کنید.,spam
کار داری زنگ بزن,ham
💰 وام فوری بدون چک ✅ فقط با یک کلیک همین حالا,spam
سرمایه گذاری امن با سود هفتگی ۱۰٪. مشاوره اولیه بدون هزینه.,spam
فروش ویژه لپ تاپ با ۷۰ درصد تخفیف فقط تا ۴۸ ساعت آینده. همین الان سفارش دهید و رایگان تحویل بگیرید.,spam
لطفا فرم نظرسنجی رضایت کارکنان را تا پایان هفته تکمیل فرمایید. با تشکر از مشارکت شما.,ham
وام فوری ب د و ن ضامن همین حالا,spam
"lottery board! you won, click here begirid",spam
سلام مهندس موسوی، فایل لیست حضور را پیوست کردم. لطفا تا دوشنبه بررسی کنید. ممنون,ham
سلام، خوبی؟ فردا میای دانشگاه؟,ham
عزیز بانک سپه، کارت هدیه شما نیاز به تمدید دارد. برای ادامه استفاده، اطلاعات کارت را وارد نمایید.,spam
کاربر محترم، حساب بانکی شما مسدود شده است. جهت جلوگیری از قطع، مشخصات را به‌روزرسانی کنید.,spam
مشترک گرامی همراه اول، حساب بانکی شما نیاز به بازبینی دارد. در غیر این صورت حساب مسدود می‌شود، اطلاعات خود را تایید کنید.,spam
اوکی، فردا میبینمت.,ham
سلام آقای رضایی، فایل نتایج نظرسنجی را پیوست کردم. لطفا تا فردا بررسی کنید. ممنون,ham
پرونده مالیاتی شما در انتظار اقدام است. جهت جلوگیری از جریمه فورا اقدام کنید.,spam
حراج لوازم ورزشی! ۸۰٪ تخفیف. ارسال رایگان. تعداد محدود.,spam
ابلاغیه قضایی شما نیاز به پیگیری دارد. جهت جلوگیری از مسدودی فورا اقدام کنید.,spam
مرسوله پستی شما نیاز به پیگیری دارد. جهت جلوگیری از ارجاع به مراجع قضایی فورا اقدام کنید.,spam
"lottery board! you won, click here begirid",spam
پرونده مالیاتی شما در انتظار اقدام است. جهت جلوگیری از مسدودی فورا اقدام کنید.,spam
برنده شدید جایزه خود را دریافت ک ن ی د,spam
سفته شما نیاز به پیگیری دارد. جهت جلوگیری از جریمه فورا اقدام کنید.,spam
سلام مهندس موسوی، فایل برآورد هزینه را پیوست کردم. لطفا تا دوشنبه بررسی کنید. ممنون,ham
سلام، خوبی؟ فردا میای دانشگاه؟,ham
✅ وام فوری بدون ضامن ⏰ فقط با کارت ملی همین حالا,spam
با خبر شدیم شما برنده ۱۰۰ میلیون ریال شدید. عدد ۱ را به ۳۰۰۰ بفرستید.,spam
فرصت ویژه ارز دیجیتال. سود ۴۰٪ ماهانه. ظرفیت محدود. عضویت در کانال.,spam
سلام دکتر علوی، فایل لیست حضور را پیوست کردم. لطفا تا شنبه بررسی کنید. ممنون,ham
سرمایه گذاری مطمئن با سود روزانه تضمینی. مشاوره اولیه بدون هزینه.,spam
شما انتخاب شده اید ت م ا س بگیرید,spam
🎁 وام فوری بدون چک ⏰ فقط با شماره تماس همین حالا,spam
فرصت ویژه ترید. سود ۳۰٪ ماهانه. ظرفیت محدود. عضویت در کانال.,spam
یادآوری: جلسه کمیته مالی فردا برگزار می گردد.,ham
مژده! شما برنده یک خودروی سواری شدید. فرم دریافت را تکمیل کنید.,spam
سلام، جلسه پنجشنبه ساعت 11 در اتاق کنفرانس برگزار می شود. لطفا حضور داشته باشید.,ham
🎁 وام فوری بدون چک 🔥 فقط با شماره تماس همین حالا,spam
مشترک گرامی، سیم‌کارت شما معلق شده است. برای ادامه استفاده، مشخصات را به‌روزرسانی کنید.,spam
همکاران گرامی، طرح رفاهی کارکنان در سامانه داخلی بارگذاری شد.,ham
گواهی مالیاتی شما دارای بدهی است. جهت جلوگیری از مسدودی فورا اقدام کنید.,spam
با سلام، پاداش عملکرد فصلی کارکنان در جلسه شورای اداری تصویب شد.,ham
🎁 وام فوری بدون ضامن 🔥 فقط با شماره تماس همین حالا,spam
باشه,ham
تبریک ویژه شما برنده یک خودروی سواری شدید. عدد ۱ را به ۳۰۰۰ بفرستید.,spam
کار در منزل ماهی ۸۰ میلیون درآمد داشته باشید. همین حالا شروع کنید.,spam
خبر خوش! شما برنده ۵۰ میلیون تومان شدید. برای دریافت همین حالا کلیک کنید.,spam
وام فوری بدون ضامن همین ح ا ل ا,spam
مرسوله پستی شما صادر شده است. جهت جلوگیری از مسدودی فورا اقدام کنید.,spam
همکاران گرامی، طرح بیمه تکمیلی کارکنان در سامانه داخلی بارگذاری شد.,ham
کسب درآمد روزانه از اینترنت بدون تجربه! ثبت نام رایگان، ظرفیت محدود.,spam
فایل تمرین رو آپلود کردم، چک کنید لطفا.,ham
جایزه بزرگ پویش به شماره شما تعلق گرفت. جهت دریافت جایزه روی لینک بزنید.,spam
سلام آقای محمدی، فایل پیش نویس قرارداد را پیوست کردم. لطفا تا پایان هفته بررسی کنید. ممنون,ham
سلام دکتر علوی، فایل مستندات فنی را پیوست کردم. لطفا تا پایان هفته بررسی کنید. ممنون,ham
همکاران عزیز، خرید از فروشگاه رفاهی با تخفیف کارکنان از شنبه فعال می شود.,ham
🎉 وام فوری با کارت ملی ⏰ فقط با یک کلیک همین حالا,spam
با سلام، پیش فاکتور شماره 2657 صادر شد. در صورت مغایرت اطلاع دهید. با تشکر,ham
وام فوری ب د و ن ضامن همین حالا,spam
برنده ش د ی د جایزه خود را دریافت کنید,spam
فرصت ویژه فارکس. سود ۲۵٪ ماهانه. ظرفیت محدود. عضویت در کانال.,spam
همکاران گرامی، طرح بیمه تکمیلی کارکنان در سامانه داخلی بارگذاری شد.,ham
پرونده شکایت شما در انتظار اقدام است. جهت جلوگیری از جریمه فورا اقدام کنید.,spam
سلام، فاکتور جایزه مسابقه داخلی شرکت را پیوست کردم. لطفا تایید کنید تا پرداخت شود.,ham
سلام خانم احمدی، فایل گزارش ماهانه را پیوست کردم. لطفا تا پایان هفته بررسی کنید. ممنون,ham
با سلام، پیش فاکتور شماره 6143 صادر شد. در صورت مغایرت اطلاع دهید. با تشکر,ham
🎉 وام فوری نقدی ✅ فقط با کارت ملی همین حالا,spam
کاربر محترم، کارت هدیه شما در انتظار تایید است. برای ادامه استفاده، اطلاعات خود را تایید کنید.,spam
با خبر شدیم شما برنده گوشی هوشمند شدید. عدد ۱ را به ۳۰۰۰ بفرستید.,spam
سلام آقای حسینی، فایل نتایج نظرسنجی را پیوست کردم. لطفا تا شنبه بررسی کنید. ممنون,ham
سلام، موضوع پایاننامه رو تایید می کنید؟,ham
جایزه بزرگ قرعه کشی به شماره شما تعلق گرفت. برای دریافت همین حالا کلیک کنید.,spam
سلام خانم احمدی، فایل مستندات فنی را پیوست کردم. لطفا تا شنبه بررسی کنید. ممنون,ham
فروش فوق‌العاده کفش! ۵۰٪ تخفیف. ارسال رایگان. تا پایان امروز.,spam
همراه عزیز بانک سپه، کارت هدیه شما نیاز به تمدید دارد. جهت جلوگیری از قطع، روی لینک زیر کلیک کنید.,spam
تبریک! شما برنده کمک هزینه سفر شدید. فرم دریافت را تکمیل کنید.,spam
کاربر محترم بانک صادرات، کارت شما در انتظار تایید است. برای جلوگیری از مسدود شدن، اطلاعات خود را تایید کنید.,spam
با سلام، پیش فاکتور شماره 5393 صادر شد. در صورت مغایرت اطلاع دهید. با تشکر,ham
ok پس فردا هماهنگم,ham
فروش ویژه پوشاک با ۶۰ درصد تخفیف فقط تا امشب. همین الان سفارش دهید و رایگان تحویل بگیرید.,spam
سرمایه گذاری تضمینی با سود هفتگی ۱۰٪. مشاوره اولیه بدون هزینه.,spam
فروش ویژه مبلمان با ۸۰ درصد تخفیف فقط تا ۴۸ ساعت آینده. همین الان سفارش دهید و رایگان تحویل بگیرید.,spam
سلام، نمره میانترم کی اعلام میشه؟,ham
پیرو پیگیری، پیش فاکتور پروژه ب ارسال شد.,ham
همکاران گرامی، تخفیف بیمه تکمیلی امسال اعمال شد. جزئیات در سامانه منابع انسانی است.,ham
سفته شما صادر شده است. جهت جلوگیری از جریمه فورا اقدام کنید.,spam
سلام، برای شرکت در دوره رایگان مهارت های نرم لطفا با واحد آموزش هماهنگ کنید.,ham
ok، فردا میبینمت. thanks,ham
سهام عدالت شما دارای بدهی است. جهت جلوگیری از مسدودی فورا اقدام کنید.,spam
سلام استاد، نمره پروژه من ثبت نشده. ممکنه بررسی کنید؟,ham
فروش فوق‌العاده لوازم ورزشی! ۸۰٪ تخفیف. ارسال رایگان. تا پایان امروز.,spam
همکاران گرامی، طرح تخفیف کارکنان در سامانه داخلی بارگذاری شد.,ham
سلام، جلسه شنبه ساعت 13 در اتاق کنفرانس برگزار می شود. لطفا حضور داشته باشید.,ham
قرارداد رو امضا کردم، اسکنش رو الان می فرستم.,ham
ممنون بابت کمکت، واقعا لطف کردی.,ham
سلام آقای حسینی، فایل برآورد هزینه را پیوست کردم. لطفا تا شنبه بررسی کنید. ممنون,ham
"daramad millioni az internet, sabtenam kon",spam
"vam fori bedune zamen, hamin hala msg bede",spam
با سلام، فاکتور خرید شماره 7467 صادر شد. در صورت مغایرت اطلاع دهید. با تشکر,ham
یادآوری: مهلت ثبت نام کلاس زبان رایگان ویژه کارکنان تا یکشنبه تمدید شد.,ham
🎉 وام فوری نقدی ⏰ فقط با یک کلیک همین حالا,spam
سرمایه گذاری امن با سود ماهانه تضمینی. مشاوره اولیه بدون هزینه.,spam
سلام خانم کریمی، فایل لیست حضور را پیوست کردم. لطفا تا شنبه بررسی کنید. ممنون,ham
همکاران گرامی، طرح رفاهی کارکنان در سامانه داخلی بارگذاری شد.,ham
تخفیف ویژه فقط ا م ر و ز کلیک کنید,spam
با سلام، پیش فاکتور شماره 1771 صادر شد. در صورت مغایرت اطلاع دهید. با تشکر,ham
ok، فردا میبینمت. thanks,ham
گواهی مالیاتی شما دارای بدهی است. جهت جلوگیری از جریمه فورا اقدام کنید.,spam
پیرو مذاکره، قیمت پیشنهادی تامین کالا به همراه شرایط ارسال خدمتتان ارسال گردید.,ham
پیرو پیگیری، پیش فاکتور پروژه الف ارسال شد.,ham
سلام، ثبت نام دوره آموزشی رایگان ویژه کارکنان باز است.,ham
سلام، ثبت نام کارگاه مهارت رایگان ویژه کارکنان باز است.,ham
جایزه بزرگ جشنواره به شماره شما تعلق گرفت. جهت دریافت جایزه روی لینک بزنید.,spam
سلام خانم احمدی، فایل پیش نویس قرارداد را پیوست کردم. لطفا تا پایان هفته بررسی کنید. ممنون,ham
سلام آقای محمدی، فایل گزارش ماهانه را پیوست کردم. لطفا تا شنبه بررسی کنید. ممنون,ham
ممنون بابت کمکت، واقعا لطف کردی.,ham
کار در منزل ماهی ۸۰ میلیون درآمد داشته باشید. همین حالا شروع کنید.,spam
منتظرتم,ham
کاربر محترم، بسته اینترنت شما در انتظار تایید است. برای جلوگیری از مسدود شدن، مشخصات را به‌روزرسانی کنید.,spam
با سلام، فاکتور خرید شماره 4076 صادر شد. در صورت مغایرت اطلاع دهید. با تشکر,ham
سلام، جلسه شنبه ساعت 9 در سالن جلسات برگزار می شود. لطفا حضور داشته باشید.,ham
باشه حتما، فردا هماهنگ می کنم.,ham
فروش ویژه موبایل با ۳۰ درصد تخفیف فقط تا امشب. همین الان سفارش دهید و رایگان تحویل بگیرید.,spam
فرصت ویژه ارز دیجیتال. سود ۳۰٪ ماهانه. ظرفیت محدود. عضویت در کانال.,spam
فرصت ویژه بیت کوین. سود ۴۰٪ ماهانه. ظرفیت محدود. عضویت در کانال.,spam
ok، فردا میبینمت. thanks,ham
barande shodid! jayezeton ro begirid,spam
سلام آقای رضایی، فایل مغایرت حساب را پیوست کردم. لطفا تا دوشنبه بررسی کنید. ممنون,ham
سرمایه گذاری مطمئن با سود ماهانه تضمینی. مشاوره اولیه بدون هزینه.,spam
پیرو تماس تلفنی، پیشنهاد قیمت پروژه را ارسال کردم. منتظر نظر شما هستم.,ham
یارانه شما دارای بدهی است. جهت جلوگیری از جریمه فورا اقدام کنید.,spam
برنده شدید جایزه خود را دریافت ک ن ی د,spam
مشترک گرامی، کارت هدیه شما نیاز به بازبینی دارد. در غیر این صورت حساب مسدود می‌شود، اطلاعات کارت را وارد نمایید.,spam
تبریک ویژه شما برنده ۱۰۰ میلیون ریال شدید. فرم دریافت را تکمیل کنید.,spam
فرصت ویژه فارکس. سود ۴۰٪ ماهانه. ظرفیت محدود. عضویت در کانال.,spam
کسب درآمد روزانه از اینترنت بدون مدرک! ثبت نام رایگان، ظرفیت محدود.,spam
با سلام، فاکتور خرید شماره 2508 صادر شد. در صورت مغایرت اطلاع دهید. با تشکر,ham
سلام دکتر علوی، فایل نتایج نظرسنجی را پیوست کردم. لطفا تا شنبه بررسی کنید. ممنون,ham
کسب درآمد میلیونی از خانه بدون تجربه! ثبت نام رایگان، ظرفیت محدود.,spam
سرمایه گذاری مطمئن با سود هفتگی تضمینی. مشاوره اولیه بدون هزینه.,spam
با سلام، پیش فاکتور شماره 7462 صادر شد. در صورت مغایرت اطلاع دهید. با تشکر,ham
گزارش فروش ویژه فصلی فروشگاه آماده است و در جلسه هیئت مدیره ارائه خواهد شد.,ham
پیرو پیگیری، پیش فاکتور پروژه ب ارسال شد.,ham
گزارش فروش ویژه فصلی فروشگاه آماده است و در جلسه هیئت مدیره ارائه خواهد شد.,ham
کجایی؟,ham
فروش ویژه کفش با ۳۰ درصد تخفیف فقط تا امشب. همین الان سفارش دهید و رایگان تحویل بگیرید.,spam
سلام خانم کریمی، فایل نتایج نظرسنجی را پیوست کردم. لطفا تا فردا بررسی کنید. ممنون,ham
سلام، جلسه پنجشنبه ساعت 14 در سالن جلسات برگزار می شود. لطفا حضور داشته باشید.,ham
همکاران گرامی، طرح رفاهی کارکنان در سامانه داخلی بارگذاری شد.,ham
ممنون که وقت گذاشتید استاد.,ham
باشه,ham
یادآوری: مهلت ثبت نام کلاس زبان رایگان ویژه کارکنان تا یکشنبه تمدید شد.,ham
بدون سرمایه ماهی ۲۰ میلیون درآمد داشته باشید. همین حالا شروع کنید.,spam
سلام خانم کریمی، فایل لیست حضور را پیوست کردم. لطفا تا شنبه بررسی کنید. ممنون,ham
"daramad millioni az internet, sabtenam kon",spam
کسب درآمد روزانه از خانه بدون سرمایه! ثبت نام رایگان، ظرفیت محدود.,spam
"sarmaye gozari ba سود تضمینی, message bede",spam
فروش ویژه لوازم خانگی با ۴۰ درصد تخفیف فقط تا امشب. همین الان سفارش دهید و رایگان تحویل بگیرید.,spam
فروش ویژه لوازم خانگی با ۷۰ درصد تخفیف فقط تا فردا. همین الان سفارش دهید و رایگان تحویل بگیرید.,spam
سلام، جلسه پنجشنبه ساعت 17 در سالن جلسات برگزار می شود. لطفا حضور داشته باشید.,ham
مرسی، دریافت شد. thanks,ham
کار در منزل ماهی ۳۰ میلیون درآمد داشته باشید. همین حالا شروع کنید.,spam
کجا قراره بریم؟,ham
کاربر محترم ایرانسل، کارت شما مسدود شده است. در غیر این صورت حساب مسدود می‌شود، مشخصات را به‌روزرسانی کنید.,spam
سلام، نمره میانترم کی اعلام میشه؟,ham
پیرو مذاکره، قیمت پیشنهادی تامین کالا به همراه شرایط ارسال خدمتتان ارسال گردید.,ham
با سلام، پیش فاکتور شماره 8062 صادر شد. در صورت مغایرت اطلاع دهید. با تشکر,ham
فروش ویژه موبایل با ۷۰ درصد تخفیف فقط تا امشب. همین الان سفارش دهید و رایگان تحویل بگیرید.,spam
سرمایه گذاری تضمینی با سود روزانه تضمینی. مشاوره اولیه بدون هزینه.,spam
گواهی مالیاتی شما دارای بدهی است. جهت جلوگیری از ارجاع به مراجع قضایی فورا اقدام کنید.,spam
باشه حتما، فردا هماهنگ می کنم.,ham
وام فوری ب د و ن ضامن همین حالا,spam
تبریک ویژه شما برنده گوشی هوشمند شدید. فرم دریافت را تکمیل کنید.,spam
همکاران گرامی، طرح بیمه تکمیلی کارکنان در سامانه داخلی بارگذاری شد.,ham
فرصت ویژه ارز دیجیتال. سود ۳۰٪ ماهانه. ظرفیت محدود. عضویت در کانال.,spam
🔥 وام فوری بدون چک 💰 فقط با کارت ملی همین حالا,spam
هنوز بیداری؟,ham
سرمایه گذاری امن با سود هفتگی تضمینی. مشاوره اولیه بدون هزینه.,spam
فروش ویژه لوازم ورزشی با ۵۰ درصد تخفیف فقط تا فردا. همین الان سفارش دهید و رایگان تحویل بگیرید.,spam
jayeze 50 millioni! baraye daryaft click kon,spam
🔥 وام فوری بدون ضامن 🔥 فقط با یک کلیک همین حالا,spam
سلام آقای حسینی، فایل گزارش ماهانه را پیوست کردم. لطفا تا پایان هفته بررسی کنید. ممنون,ham
خبر خوش! شما برنده یک خودروی سواری شدید. فرم دریافت را تکمیل کنید.,spam
کاربر محترم بانک سپه، حساب بانکی شما غیرفعال شده است. در غیر این صورت حساب مسدود می‌شود، اطلاعات کارت را وارد نمایید.,spam
یادآوری: جلسه کمیته مالی فردا برگزار می گردد.,ham
سلام، رسیدم خونه. خبرت می کنم.,ham
گواهی مالیاتی شما در انتظار اقدام است. جهت جلوگیری از جریمه فورا اقدام کنید.,spam
عزیز، کارت شما غیرفعال شده است. برای ادامه استفاده، اطلاعات کارت را وارد نمایید.,spam
مژده! شما برنده ۱۰۰ میلیون ریال شدید. برای دریافت همین حالا کلیک کنید.,spam
سلام، برنده مسابقه کتابخوانی کتابخانه شرکت مشخص شد. اسامی در کانال داخلی اعلام می گردد.,ham
سلام، جلسه شنبه ساعت 11 در اتاق کنفرانس برگزار می شود. لطفا حضور داشته باشید.,ham
یادآوری: جلسه کمیته انضباطی فردا برگزار می گردد.,ham
"daramad millioni az internet, sabtenam kon",spam
سلام آقای رضایی، فایل پیش نویس قرارداد را پیوست کردم. لطفا تا شنبه بررسی کنید. ممنون,ham
ابلاغیه قضایی شما صادر شده است. جهت جلوگیری از جریمه فورا اقدام کنید.,spam
"ghore kashi bozorg! shoma barande shodid, click konid",spam
سلام، جلسه پنجشنبه ساعت 10 در اتاق کنفرانس برگزار می شود. لطفا حضور داشته باشید.,ham
قربونت، ممنون از همه چی.,ham
حراج لوازم ورزشی! ۷۰٪ تخفیف. ارسال رایگان. تعداد محدود.,spam
مشترک گرامی رایتل، کارت هدیه شما مسدود شده است. برای ادامه استفاده، اطلاعات خود را تایید کنید.,spam
جایزه بزرگ جشنواره به شماره شما تعلق گرفت. برای هماهنگی دریافت تماس بگیرید.,spam
گزارش فروش ویژه فصلی فروشگاه آماده است و در جلسه هیئت مدیره ارائه خواهد شد.,ham
فروش ویژه مبلمان با ۵۰ درصد تخفیف فقط تا فردا. همین الان سفارش دهید و رایگان تحویل بگیرید.,spam
کسب درآمد روزانه از تلگرام بدون مدرک! ثبت نام رایگان، ظرفیت محدود.,spam
سلام خانم کریمی، فایل پیش نویس قرارداد را پیوست کردم. لطفا تا پایان هفته بررسی کنید. ممنون,ham
وام فوری بدون ضامن همین ح ا ل ا,spam
کسب درآمد در منزل از تلگرام بدون تجربه! ثبت نام رایگان، ظرفیت محدود.,spam
جایزه بزرگ جشنواره به شماره شما تعلق گرفت. فرم دریافت را تکمیل کنید.,spam
سرمایه گذاری امن با سود ماهانه تضمینی. مشاوره اولیه بدون هزینه.,spam
فایل تمرین رو آپلود کردم، چک کنید لطفا.,ham
تبریک ویژه شما برنده ۵۰ میلیون تومان شدید. فرم دریافت را تکمیل کنید.,spam
مشترک گرامی بانک ملی، حساب کاربری شما غیرفعال شده است. برای جلوگیری از مسدود شدن، رمز پویا را ارسال کنید.,spam
چشم,ham
فروش ویژه لوازم خانگی با ۷۰ درصد تخفیف فقط تا فردا. همین الان سفارش دهید و رایگان تحویل بگیرید.,spam
🔥 وام فوری بدون چک 💰 فقط با یک کلیک همین حالا,spam
مرسوله پستی شما صادر شده است. جهت جلوگیری از مسدودی فورا اقدام کنید.,spam
جایزه بزرگ جشنواره به شماره شما تعلق گرفت. عدد ۱ را به ۳۰۰۰ بفرستید.,spam
با سلام، پیش فاکتور شماره 7376 صادر شد. در صورت مغایرت اطلاع دهید. با تشکر,ham
مشترک گرامی همراه اول، بسته اینترنت شما نیاز به تمدید دارد. برای ادامه استفاده، اطلاعات کارت را وارد نمایید.,spam
خبر خوش! شما برنده کمک هزینه سفر شدید. برای هماهنگی دریافت تماس بگیرید.,spam
مشترک گرامی، حساب بانکی شما مسدود شده است. در غیر این صورت حساب مسدود می‌شود، مشخصات را به‌روزرسانی کنید.,spam
مژده! شما برنده ۱۰ میلیون تومان شدید. برای هماهنگی دریافت تماس بگیرید.,spam
با خبر شدیم شما برنده ۱۰۰ میلیون ریال شدید. جهت دریافت جایزه روی لینک بزنید.,spam
سرمایه گذاری امن با سود روزانه ۲۰٪. مشاوره اولیه بدون هزینه.,spam
قربونت، ممنون از همه چی.,ham
جایزه بزرگ قرعه کشی به شماره شما تعلق گرفت. برای هماهنگی دریافت تماس بگیرید.,spam
"takhfif vizhe faghat emshab, click konid",spam
بدون سرمایه ماهی ۳۰ میلیون درآمد داشته باشید. همین حالا شروع کنید.,spam
خبر خوش! شما برنده یک خودروی سواری شدید. برای دریافت همین حالا کلیک کنید.,spam
خداحافظ,ham
✅ وام فوری بدون ضامن ✅ فقط با شماره تماس همین حالا,spam
🎁 وام فوری بدون ضامن ⏰ فقط با شماره تماس همین حالا,spam
جشنواره فروش لپ تاپ! ۵۰٪ تخفیف. ارسال رایگان. تا پایان امروز.,spam
فروش فوق‌العاده موبایل! ۴۰٪ تخفیف. ارسال رایگان. تا پایان امروز.,spam
فروش ویژه لپ تاپ با ۶۰ درصد تخفیف فقط تا ۴۸ ساعت آینده. همین الان سفارش دهید و رایگان تحویل بگیرید.,spam
کسب درآمد روزانه از تلگرام بدون مدرک! ثبت نام رایگان، ظرفیت محدود.,spam
jayeze 50 millioni! baraye daryaft click kon,spam
باشه حتما، فردا هماهنگ می کنم.,ham
سلام، ثبت نام دوره آموزشی رایگان تیم فنی تا پنجشنبه باز است. لطفا فرم را تکمیل کنید.,ham
سرمایه گذاری امن با سود ماهانه ۳۰٪. مشاوره اولیه بدون هزینه.,spam
با سلام، فاکتور خرید شماره 9292 صادر شد. در صورت مغایرت اطلاع دهید. با تشکر,ham
فرصت ویژه ترید. سود ۳۰٪ ماهانه. ظرفیت محدود. عضویت در کانال.,spam
سلام، ثبت نام دوره آموزشی رایگان ویژه کارکنان باز است.,ham
کار داری زنگ بزن,ham
خداحافظ,ham
با سلام، قرعه کشی داخلی بین کارکنان برگزار شد و لیست برندگان در تابلو اعلانات است.,ham
خوبی؟,ham
🎁 وام فوری با کارت ملی 🔥 فقط با کارت ملی همین حالا,spam
خبر خوش! شما برنده گوشی هوشمند شدید. عدد ۱ را به ۳۰۰۰ بفرستید.,spam
hi، خوبی؟,ham
دسته چک شما صادر شده است. جهت جلوگیری از جریمه فورا اقدام کنید.,spam
فرصت ویژه فارکس. سود ۲۵٪ ماهانه. ظرفیت محدود. عضویت در کانال.,spam
سلام استاد، خسته نباشید. یه سوال داشتم.,ham
بدون تجربه ماهی ۲۰ میلیون درآمد داشته باشید. همین حالا شروع کنید.,spam
سلام، برای شرکت در دوره رایگان مهارت های نرم لطفا با واحد آموزش هماهنگ کنید.,ham
خبر خوش! شما برنده ۱۰ میلیون تومان شدید. برای دریافت همین حالا کلیک کنید.,spam
همکاران گرامی، طرح رفاهی کارکنان در سامانه داخلی بارگذاری شد.,ham
لطفا فرم نظرسنجی رضایت کارکنان را تا پایان هفته تکمیل فرمایید. با تشکر از مشارکت شما.,ham
حراج عطر و ادکلن! ۳۰٪ تخفیف. ارسال رایگان. تعداد محدود.,spam
قرارداد رو امضا کردم، اسکنش رو الان می فرستم.,ham
جایزه بزرگ قرعه کشی به شماره شما تعلق گرفت. عدد ۱ را به ۳۰۰۰ بفرستید.,spam
عزیز بانک صادرات، کارت شما معلق شده است. برای جلوگیری از مسدود شدن، اطلاعات کارت را وارد نمایید.,spam
مشترک گرامی، بسته اینترنت شما نیاز به بازبینی دارد. جهت جلوگیری از قطع، روی لینک زیر کلیک کنید.,spam
همکاران گرامی، طرح بیمه تکمیلی کارکنان در سامانه داخلی بارگذاری شد.,ham
پیرو پیگیری، پیشنهاد قیمت پروژه عمرانی ارسال شد.,ham
با سلام، فاکتور خرید شماره 2408 صادر شد. در صورت مغایرت اطلاع دهید. با تشکر,ham
سلام، خوبی؟ فردا میای دانشگاه؟,ham
"forosh vizhe ba takhfif, sari beshmar",spam
شما انتخاب شده اید ت م ا س بگیرید,spam
کاربر محترم بانک صادرات، کارت شما مسدود شده است. برای ادامه استفاده، رمز پویا را ارسال کنید.,spam
"sarmaye gozari ba سود تضمینی, message bede",spam
سلام، خوبی؟ فردا میای دانشگاه؟,ham
همکاران گرامی، تخفیف بیمه تکمیلی امسال اعمال شد. جزئیات در سامانه منابع انسانی است.,ham
همراه عزیز رایتل، سیم‌کارت شما مسدود شده است. برای ادامه استفاده، اطلاعات خود را تایید کنید.,spam
"ghore kashi bozorg! shoma barande shodid, click konid",spam
با سلام، فاکتور خرید شماره 6000 صادر شد. در صورت مغایرت اطلاع دهید. با تشکر,ham
سلام، جلسه پنجشنبه ساعت 10 در سالن جلسات برگزار می شود. لطفا حضور داشته باشید.,ham
سلام، جلسه فردا ساعت 14 در دفتر مرکزی برگزار می شود. لطفا حضور داشته باشید.,ham
🔥 وام فوری با کارت ملی 🔥 فقط با کارت ملی همین حالا,spam
فروش ویژه عطر و ادکلن با ۸۰ درصد تخفیف فقط تا فردا. همین الان سفارش دهید و رایگان تحویل بگیرید.,spam
سرمایه گذاری مطمئن با سود ماهانه ۲۰٪. مشاوره اولیه بدون هزینه.,spam
سلام، ثبت نام کارگاه مهارت رایگان ویژه کارکنان باز است.,ham
مژده! شما برنده ۲۰ میلیون تومان شدید. فرم دریافت را تکمیل کنید.,spam
فروش ویژه مبلمان با ۵۰ درصد تخفیف فقط تا پایان هفته. همین الان سفارش دهید و رایگان تحویل بگیرید.,spam
فروش ویژه لوازم آرایشی با ۸۰ درصد تخفیف فقط تا پایان هفته. همین الان سفارش دهید و رایگان تحویل بگیرید.,spam
فروش ویژه عطر و ادکلن با ۴۰ درصد تخفیف فقط تا امشب. همین الان سفارش دهید و رایگان تحویل بگیرید.,spam
همراه عزیز، حساب بانکی شما معلق شده است. قبل از غیرفعال شدن، روی لینک زیر کلیک کنید.,spam
سرمایه گذاری تضمینی با سود ماهانه ۲۰٪. مشاوره اولیه بدون هزینه.,spam
پیرو تماس تلفنی، پیشنهاد قیمت پروژه را ارسال کردم. منتظر نظر شما هستم.,ham
ok پس فردا هماهنگم,ham
کجا قراره بریم؟,ham
منتظرتم,ham
فرصت ویژه ترید. سود ۴۰٪ ماهانه. ظرفیت محدود. عضویت در کانال.,spam
سلام، فاکتور جایزه مسابقه داخلی شرکت را پیوست کردم. لطفا تایید کنید تا پرداخت شود.,ham
سلام خانم کریمی، فایل نتایج نظرسنجی را پیوست کردم. لطفا تا شنبه بررسی کنید. ممنون,ham
کجایی؟,ham
سلام، جلسه دوشنبه ساعت 8 در سالن جلسات برگزار می شود. لطفا حضور داشته باشید.,ham
تبریک! شما برنده یک خودروی سواری شدید. فرم دریافت را تکمیل کنید.,spam
باشه حتما، فردا هماهنگ می کنم.,ham
سرمایه گذاری امن با سود روزانه ۳۰٪. مشاوره اولیه بدون هزینه.,spam
سلام، خوبی؟ فردا میای دانشگاه؟,ham
پرونده مالیاتی شما دارای بدهی است. جهت جلوگیری از جریمه فورا اقدام کنید.,spam
سلام استاد، نمره پروژه من ثبت نشده. ممکنه بررسی کنید؟,ham
سلام، جلسه دوشنبه ساعت 13 در دفتر مرکزی برگزار می شود. لطفا حضور داشته باشید.,ham
سلام خانم احمدی، فایل پیش نویس قرارداد را پیوست کردم. لطفا تا دوشنبه بررسی کنید. ممنون,ham
کسب درآمد دلاری از گوشی بدون تجربه! ثبت نام رایگان، ظرفیت محدود.,spam
با سلام، فاکتور خرید شماره 5736 صادر شد. در صورت مغایرت اطلاع دهید. با تشکر,ham
دیر نکن,ham
فروش ویژه عطر و ادکلن با ۷۰ درصد تخفیف فقط تا پایان هفته. همین الان سفارش دهید و رایگان تحویل بگیرید.,spam
با سلام، پاداش عملکرد فصلی کارکنان در جلسه شورای اداری تصویب شد.,ham
عزیز درگاه بانکی، حساب کاربری شما در انتظار تایید است. برای جلوگیری از مسدود شدن، رمز پویا را ارسال کنید.,spam
thanks بابت فایل,ham
کار در منزل ماهی ۸۰ میلیون درآمد داشته باشید. همین حالا شروع کنید.,spam
کسب درآمد دلاری از خانه بدون مدرک! ثبت نام رایگان، ظرفیت محدود.,spam
سلام، جلسه فردا ساعت 8 در سالن جلسات برگزار می شود. لطفا حضور داشته باشید.,ham
جایزه بزرگ قرعه کشی به شماره شما تعلق گرفت. فرم دریافت را تکمیل کنید.,spam
کسب درآمد روزانه از اینترنت بدون مدرک! ثبت نام رایگان، ظرفیت محدود.,spam
پیرو پیگیری، قرارداد پروژه الف ارسال شد.,ham
سلام، رسیدم دفتر. کلید کجاست؟,ham
داداش اون کتاب رو پیدا کردم، بیارم برات؟,ham
سلام خانم کریمی، فایل پیش نویس قرارداد را پیوست کردم. لطفا تا پایان هفته بررسی کنید. ممنون,ham
گواهی مالیاتی شما نیاز به پیگیری دارد. جهت جلوگیری از ارجاع به مراجع قضایی فورا اقدام کنید.,spam
"sarmaye gozari ba سود تضمینی, message bede",spam
فردا ساعت چند حرکت می کنیم؟,ham
رسیدم,ham
تبریک ویژه شما برنده کمک هزینه سفر شدید. فرم دریافت را تکمیل کنید.,spam
با سلام، پیش فاکتور شماره 9979 صادر شد. در صورت مغایرت اطلاع دهید. با تشکر,ham
مرسوله پستی شما در انتظار اقدام است. جهت جلوگیری از ارجاع به مراجع قضایی فورا اقدام کنید.,spam
کسب درآمد در منزل از خانه بدون تجربه! ثبت نام رایگان، ظرفیت محدود.,spam
سلام، ثبت نام کلاس ورزشی رایگان ویژه کارکنان باز است.,ham
عزیز، سیم‌کارت شما معلق شده است. جهت جلوگیری از قطع، کد تایید را بفرستید.,spam
پیرو پیگیری، پیشنهاد قیمت پروژه الف ارسال شد.,ham
فروش ویژه لپ تاپ با ۶۰ درصد تخفیف فقط تا امشب. همین الان سفارش دهید و رایگان تحویل بگیرید.,spam
سلام، جلسه دوشنبه ساعت 11 در سالن جلسات برگزار می شود. لطفا حضور داشته باشید.,ham
عزیز، کارت شما نیاز به بازبینی دارد. قبل از غیرفعال شدن، اطلاعات کارت را وارد نمایید.,spam
سلام دکتر علوی، فایل برآورد هزینه را پیوست کردم. لطفا تا شنبه بررسی کنید. ممنون,ham
سلام، ثبت نام دوره آموزشی رایگان ویژه کارکنان باز است.,ham
هنوز بیداری؟,ham
جشنواره فروش ساعت! ۶۰٪ تخفیف. ارسال رایگان. فرصت را از دست ندهید.,spam
با سلام، پیش فاکتور شماره 2438 صادر شد. در صورت مغایرت اطلاع دهید. با تشکر,ham
⚡ وام فوری نقدی 💰 فقط با یک کلیک همین حالا,spam
باشه حتما، فردا هماهنگ می کنم.,ham
یارانه شما صادر شده است. جهت جلوگیری از مسدودی فورا اقدام کنید.,spam
مشترک گرامی، کارت شما به پایان رسیده است. قبل از غیرفعال شدن، مشخصات را به‌روزرسانی کنید.,spam
پرونده شکایت شما در انتظار اقدام است. جهت جلوگیری از جریمه فورا اقدام کنید.,spam
با سلام، پاداش عملکرد فصلی کارکنان در جلسه شورای اداری تصویب شد.,ham
"daramad millioni az internet, sabtenam kon",spam
عزیز، بسته اینترنت شما معلق شده است. برای جلوگیری از مسدود شدن، اطلاعات کارت را وارد نمایید.,spam
فرصت ویژه فارکس. سود ۴۰٪ ماهانه. ظرفیت محدود. عضویت در کانال.,spam
"ghore kashi bozorg! shoma barande shodid, click konid",spam
🎁 وام فوری بدون ضامن ✅ فقط با یک کلیک همین حالا,spam
سلام، برنده مسابقه کتابخوانی کتابخانه شرکت مشخص شد. اسامی در کانال داخلی اعلام می گردد.,ham
یادآوری: جلسه کمیته انضباطی فردا برگزار می گردد.,ham
هنوز بیداری؟,ham
سلام آقای رضایی، فایل مغایرت حساب را پیوست کردم. لطفا تا فردا بررسی کنید. ممنون,ham
سلام، جلسه پنجشنبه ساعت 10 در سالن جلسات برگزار می شود. لطفا حضور داشته باشید.,ham
فرصت ویژه ارز دیجیتال. سود ۴۰٪ ماهانه. ظرفیت محدود. عضویت در کانال.,spam
سلام، meeting فردا کنسله؟,ham
بدون سرمایه ماهی ۳۰ میلیون درآمد داشته باشید. همین حالا شروع کنید.,spam
حراج موبایل! ۵۰٪ تخفیف. ارسال رایگان. تا پایان امروز.,spam
کاربر محترم، اشتراک شما نیاز به بازبینی دارد. جهت جلوگیری از قطع، کد تایید را بفرستید.,spam
داداش اون کتاب رو پیدا کردم، بیارم برات؟,ham
همراه عزیز، کارت شما در انتظار تایید است. برای جلوگیری از مسدود شدن، کد تایید را بفرستید.,spam
هنوز بیداری؟,ham
پیرو مذاکره، قیمت پیشنهادی تامین کالا به همراه شرایط ارسال خدمتتان ارسال گردید.,ham
"vam fori bedune zamen, hamin hala msg bede",spam
سلام آقای حسینی، فایل گزارش ماهانه را پیوست کردم. لطفا تا دوشنبه بررسی کنید. ممنون,ham
قربونت، ممنون از همه چی.,ham
همراه عزیز بانک ملی، کارت شما نیاز به تمدید دارد. قبل از غیرفعال شدن، روی لینک زیر کلیک کنید.,spam
کار داری زنگ بزن,ham
بدون تجربه ماهی ۸۰ میلیون درآمد داشته باشید. همین حالا شروع کنید.,spam
پرونده شکایت شما دارای بدهی است. جهت جلوگیری از جریمه فورا اقدام کنید.,spam
سلام، جلسه شنبه ساعت 17 در سالن جلسات برگزار می شود. لطفا حضور داشته باشید.,ham
بدون تجربه ماهی ۳۰ میلیون درآمد داشته باشید. همین حالا شروع کنید.,spam
فرصت ویژه ارز دیجیتال. سود ۳۰٪ ماهانه. ظرفیت محدود. عضویت در کانال.,spam
فرصت ویژه سیگنال‌دهی. سود ۲۵٪ ماهانه. ظرفیت محدود. عضویت در کانال.,spam
کاربر محترم درگاه بانکی، سیم‌کارت شما معلق شده است. در غیر این صورت حساب مسدود می‌شود، اطلاعات خود را تایید کنید.,spam
پیرو پیگیری، پیشنهاد قیمت پروژه الف ارسال شد.,ham
با سلام، پیش فاکتور شماره 8800 صادر شد. در صورت مغایرت اطلاع دهید. با تشکر,ham
بدون سرمایه ماهی ۸۰ میلیون درآمد داشته باشید. همین حالا شروع کنید.,spam
⚡ وام فوری با کارت ملی ⏰ فقط با شماره تماس همین حالا,spam
همراه عزیز، کارت شما غیرفعال شده است. جهت جلوگیری از قطع، کد تایید را بفرستید.,spam
خبر خوش! شما برنده ۲۰ میلیون تومان شدید. برای دریافت همین حالا کلیک کنید.,spam
فرصت ویژه ارز دیجیتال. سود ۲۵٪ ماهانه. ظرفیت محدود. عضویت در کانال.,spam
کجا قراره بریم؟,ham
پیرو تماس تلفنی، پیشنهاد قیمت پروژه را ارسال کردم. منتظر نظر شما هستم.,ham
کار در منزل ماهی ۳۰ میلیون درآمد داشته باشید. همین حالا شروع کنید.,spam
کسب درآمد روزانه از اینترنت بدون تجربه! ثبت نام رایگان، ظرفیت محدود.,spam
قربونت، ممنون از همه چی.,ham
ابلاغیه قضایی شما صادر شده است. جهت جلوگیری از جریمه فورا اقدام کنید.,spam
سلام، نمره میانترم کی اعلام میشه؟,ham
کاربر محترم، حساب کاربری شما مسدود شده است. جهت جلوگیری از قطع، کد تایید را بفرستید.,spam
با سلام، پیش فاکتور شماره 5369 صادر شد. در صورت مغایرت اطلاع دهید. با تشکر,ham
عزیز، کارت هدیه شما غیرفعال شده است. برای جلوگیری از مسدود شدن، روی لینک زیر کلیک کنید.,spam
همکاران عزیز، خرید از فروشگاه رفاهی با تخفیف کارکنان از شنبه فعال می شود.,ham
"lottery board! you won, click here begirid",spam
سلام آقای حسینی، فایل نتایج نظرسنجی را پیوست کردم. لطفا تا شنبه بررسی کنید. ممنون,ham
فروش فوق‌العاده عطر و ادکلن! ۴۰٪ تخفیف. ارسال رایگان. تعداد محدود.,spam
یادآوری: مهلت ثبت نام کلاس زبان رایگان ویژه کارکنان تا یکشنبه تمدید شد.,ham
جایزه بزرگ قرعه کشی به شماره شما تعلق گرفت. جهت دریافت جایزه روی لینک بزنید.,spam
سلام خانم احمدی، فایل برآورد هزینه را پیوست کردم. لطفا تا دوشنبه بررسی کنید. ممنون,ham
همراه عزیز اپراتور شما، حساب کاربری شما غیرفعال شده است. در غیر این صورت حساب مسدود می‌شود، اطلاعات خود را تایید کنید.,spam
سلام مهندس موسوی، فایل نتایج نظرسنجی را پیوست کردم. لطفا تا فردا بررسی کنید. ممنون,ham
فروش ویژه عطر و ادکلن با ۸۰ درصد تخفیف فقط تا فردا. همین الان سفارش دهید و رایگان تحویل بگیرید.,spam
تبریک! شما برنده کمک هزینه سفر شدید. برای هماهنگی دریافت تماس بگیرید.,spam
قرارداد رو امضا کردم، اسکنش رو الان می فرستم.,ham
تبریک! شما برنده ۱۰۰ میلیون ریال شدید. فرم دریافت را تکمیل کنید.,spam
سلام، فاکتور جایزه مسابقه داخلی شرکت را پیوست کردم. لطفا تایید کنید تا پرداخت شود.,ham
barande shodid! jayezeton ro begirid,spam
عزیز بانک ملی، حساب کاربری شما در انتظار تایید است. قبل از غیرفعال شدن، رمز پویا را ارسال کنید.,spam
با سلام، پیش فاکتور شماره 1468 صادر شد. در صورت مغایرت اطلاع دهید. با تشکر,ham
سلام آقای محمدی، فایل مستندات فنی را پیوست کردم. لطفا تا پایان هفته بررسی کنید. ممنون,ham
حراج لوازم ورزشی! ۵۰٪ تخفیف. ارسال رایگان. تا پایان امروز.,spam
barande shodid! jayezeton ro begirid,spam
گزارش فروش ویژه فصلی فروشگاه آماده است و در جلسه هیئت مدیره ارائه خواهد شد.,ham
همراه عزیز درگاه بانکی، حساب بانکی شما غیرفعال شده است. در غیر این صورت حساب مسدود می‌شود، کد تایید را بفرستید.,spam
تبریک! شما برنده ۱۰ میلیون تومان شدید. عدد ۱ را به ۳۰۰۰ بفرستید.,spam
چشم,ham
سلام استاد، خسته نباشید. یه سوال داشتم.,ham
سلام استاد، نمره پروژه من ثبت نشده. ممکنه بررسی کنید؟,ham
سلام، ثبت نام کارگاه مهارت رایگان ویژه کارکنان باز است.,ham
یادآوری: مهلت ثبت نام کلاس زبان رایگان ویژه کارکنان تا یکشنبه تمدید شد.,ham
سلام، رسیدم خونه. خبرت می کنم.,ham
سلام، جلسه پنجشنبه ساعت 11 در سالن جلسات برگزار می شود. لطفا حضور داشته باشید.,ham
گزارش فروش ویژه فصلی فروشگاه آماده است و در جلسه هیئت مدیره ارائه خواهد شد.,ham
jayeze 50 millioni! baraye daryaft click kon,spam
گزارش فروش ویژه فصلی فروشگاه آماده است و در جلسه هیئت مدیره ارائه خواهد شد.,ham
عزیز، اشتراک شما به پایان رسیده است. برای ادامه استفاده، روی لینک زیر کلیک کنید.,spam
سلام دکتر علوی، فایل صورت جلسه را پیوست کردم. لطفا تا شنبه بررسی کنید. ممنون,ham
🎁 وام فوری با کارت ملی 🔥 فقط با یک کلیک همین حالا,spam
فرصت ویژه فارکس. سود ۳۰٪ ماهانه. ظرفیت محدود. عضویت در کانال.,spam
کسب درآمد در منزل از گوشی بدون سرمایه! ثبت نام رایگان، ظرفیت محدود.,spam
عزیز درگاه بانکی، حساب کاربری شما نیاز به بازبینی دارد. جهت جلوگیری از قطع، رمز پویا را ارسال کنید.,spam
سلام خانم احمدی، فایل گزارش ماهانه را پیوست کردم. لطفا تا دوشنبه بررسی کنید. ممنون,ham
فرصت ویژه ارز دیجیتال. سود ۴۰٪ ماهانه. ظرفیت محدود. عضویت در کانال.,spam
مژده! شما برنده کمک هزینه سفر شدید. عدد ۱ را به ۳۰۰۰ بفرستید.,spam
سلام، برای شرکت در دوره رایگان مهارت های نرم لطفا با واحد آموزش هماهنگ کنید.,ham
کسب درآمد در منزل از گوشی بدون سرمایه! ثبت نام رایگان، ظرفیت محدود.,spam
عزیز، کارت شما نیاز به بازبینی دارد. در غیر این صورت حساب مسدود می‌شود، کد تایید را بفرستید.,spam
عزیز بانک سپه، سیم‌کارت شما نیاز به تمدید دارد. قبل از غیرفعال شدن، رمز پویا را ارسال کنید.,spam
با سلام، قرعه کشی داخلی بین کارکنان برگزار شد و لیست برندگان در تابلو اعلانات است.,ham
سفته شما نیاز به پیگیری دارد. جهت جلوگیری از مسدودی فورا اقدام کنید.,spam
سرمایه گذاری مطمئن با سود روزانه ۲۰٪. مشاوره اولیه بدون هزینه.,spam
"kharid vizhe ba ersal raygan, emshab tamoom mishe",spam
فروش ویژه موبایل با ۴۰ درصد تخفیف فقط تا پایان هفته. همین الان سفارش دهید و رایگان تحویل بگیرید.,spam
همکاران گرامی، تخفیف بیمه تکمیلی امسال اعمال شد. جزئیات در سامانه منابع انسانی است.,ham
یادآوری: جلسه کمیته فنی فردا برگزار می گردد.,ham
کار داری زنگ بزن,ham
سرمایه گذاری تضمینی با سود روزانه ۲۰٪. مشاوره اولیه بدون هزینه.,spam
سلام، خوبی؟ فردا میای دانشگاه؟,ham
با خبر شدیم شما برنده ۱۰ میلیون تومان شدید. برای هماهنگی دریافت تماس بگیرید.,spam
فروش ویژه عطر و ادکلن با ۳۰ درصد تخفیف فقط تا فردا. همین الان سفارش دهید و رایگان تحویل بگیرید.,spam
"sarmaye gozari ba سود تضمینی, message bede",spam
سلام آقای محمدی، فایل اسکن فاکتور را پیوست کردم. لطفا تا دوشنبه بررسی کنید. ممنون,ham
سلام، ثبت نام کلاس ورزشی رایگان ویژه کارکنان باز است.,ham
با خبر شدیم شما برنده ۵۰ میلیون تومان شدید. برای هماهنگی دریافت تماس بگیرید.,spam
سرمایه گذاری امن با سود هفتگی ۲۰٪. مشاوره اولیه بدون هزینه.,spam
همراه عزیز بانک صادرات، بسته اینترنت شما معلق شده است. قبل از غیرفعال شدن، مشخصات را به‌روزرسانی کنید.,spam
منتظرتم,ham
داداش اون کتاب رو پیدا کردم، بیارم برات؟,ham
کسب درآمد در منزل از گوشی بدون مدرک! ثبت نام رایگان، ظرفیت محدود.,spam
جایزه بزرگ قرعه کشی به شماره شما تعلق گرفت. فرم دریافت را تکمیل کنید.,spam
"kharid vizhe ba ersal raygan, emshab tamoom mishe",spam
سلام خانم احمدی، فایل مغایرت حساب را پیوست کردم. لطفا تا پایان هفته بررسی کنید. ممنون,ham
جشنواره فروش عطر و ادکلن! ۴۰٪ تخفیف. ارسال رایگان. فرصت را از دست ندهید.,spam
تبریک ویژه شما برنده ۱۰۰ میلیون ریال شدید. برای دریافت همین حالا کلیک کنید.,spam
فروش ویژه لوازم آرایشی با ۴۰ درصد تخفیف فقط تا پایان هفته. همین الان سفارش دهید و رایگان تحویل بگیرید.,spam
همکاران گرامی، تخفیف بیمه تکمیلی امسال اعمال شد. جزئیات در سامانه منابع انسانی است.,ham
سلام آقای محمدی، فایل مستندات فنی را پیوست کردم. لطفا تا شنبه بررسی کنید. ممنون,ham
حراج لوازم خانگی! ۷۰٪ تخفیف. ارسال رایگان. تا پایان امروز.,spam
برنده شدید جایزه خود را د ر ی ا ف ت کنید,spam
تخفیف ویژه فقط امروز ک ل ی ک کنید,spam
پرونده شکایت شما صادر شده است. جهت جلوگیری از ارجاع به مراجع قضایی فورا اقدام کنید.,spam
کار در منزل ماهی ۸۰ میلیون درآمد داشته باشید. همین حالا شروع کنید.,spam
فردا ساعت چند حرکت می کنیم؟,ham
جایزه بزرگ جشنواره به شماره شما تعلق گرفت. برای هماهنگی دریافت تماس بگیرید.,spam
عزیز، کارت شما نیاز به بازبینی دارد. برای جلوگیری از مسدود شدن، روی لینک زیر کلیک کنید.,spam
پیرو تماس تلفنی، پیشنهاد قیمت پروژه را ارسال کردم. منتظر نظر شما هستم.,ham
سلام، موضوع پایاننامه رو تایید می کنید؟,ham
کجا قراره بریم؟,ham
مرسوله پستی شما صادر شده است. جهت جلوگیری از ارجاع به مراجع قضایی فورا اقدام کنید.,spam
تبریک ویژه شما برنده گوشی هوشمند شدید. جهت دریافت جایزه روی لینک بزنید.,spam
ok پس فردا هماهنگم,ham
کسب درآمد دلاری از خانه بدون سرمایه! ثبت نام رایگان، ظرفیت محدود.,spam
سلام، جلسه دوشنبه ساعت 12 در دفتر مرکزی برگزار می شود. لطفا حضور داشته باشید.,ham
بدون تجربه ماهی ۵۰ میلیون درآمد داشته باشید. همین حالا شروع کنید.,spam
سلام آقای محمدی، فایل مغایرت حساب را پیوست کردم. لطفا تا پایان هفته بررسی کنید. ممنون,ham
پیرو تماس تلفنی، پیشنهاد قیمت پروژه را ارسال کردم. منتظر نظر شما هستم.,ham
جایزه بزرگ پویش به شماره شما تعلق گرفت. جهت دریافت جایزه روی لینک بزنید.,spam
بدون سرمایه ماهی ۳۰ میلیون درآمد داشته باشید. همین حالا شروع کنید.,spam
لطفا فرم نظرسنجی رضایت کارکنان را تا پایان هفته تکمیل فرمایید. با تشکر از مشارکت شما.,ham
همراه عزیز سامانه پرداخت، حساب بانکی شما غیرفعال شده است. در غیر این صورت حساب مسدود می‌شود، اطلاعات خود را تایید کنید.,spam
فروش ویژه موبایل با ۵۰ درصد تخفیف فقط تا پایان هفته. همین الان سفارش دهید و رایگان تحویل بگیرید.,spam
داداش اون کتاب رو پیدا کردم، بیارم برات؟,ham
دسته چک شما در انتظار اقدام است. جهت جلوگیری از جریمه فورا اقدام کنید.,spam
سلام، جلسه پنجشنبه ساعت 17 در سالن جلسات برگزار می شود. لطفا حضور داشته باشید.,ham
همراه عزیز رایتل، سیم‌کارت شما غیرفعال شده است. قبل از غیرفعال شدن، اطلاعات خود را تایید کنید.,spam
سلام، خوبی؟ فردا میای دانشگاه؟,ham
سلام، جلسه فردا ساعت 10 در سالن جلسات برگزار می شود. لطفا حضور داشته باشید.,ham
فرصت ویژه بیت کوین. سود ۴۰٪ ماهانه. ظرفیت محدود. عضویت در کانال.,spam
کسب درآمد میلیونی از خانه بدون تجربه! ثبت نام رایگان، ظرفیت محدود.,spam
سلام خانم کریمی، فایل لیست حضور را پیوست کردم. لطفا تا دوشنبه بررسی کنید. ممنون,ham
باشه حتما، فردا هماهنگ می کنم.,ham
قربونت، ممنون از همه چی.,ham
با سلام، قرعه کشی داخلی بین کارکنان برگزار شد و لیست برندگان در تابلو اعلانات است.,ham
✅ وام فوری نقدی 💰 فقط با یک کلیک همین حالا,spam
با سلام، پیش فاکتور شماره 5622 صادر شد. در صورت مغایرت اطلاع دهید. با تشکر,ham
پیرو تماس تلفنی، پیشنهاد قیمت پروژه را ارسال کردم. منتظر نظر شما هستم.,ham
سلام خانم احمدی، فایل برآورد هزینه را پیوست کردم. لطفا تا فردا بررسی کنید. ممنون,ham
فروش ویژه لوازم خانگی با ۳۰ درصد تخفیف فقط تا پایان هفته. همین الان سفارش دهید و رایگان تحویل بگیرید.,spam
باشه,ham
مشترک گرامی، حساب کاربری شما به پایان رسیده است. برای ادامه استفاده، اطلاعات کارت را وارد نمایید.,spam
فروش ویژه مبلمان با ۳۰ درصد تخفیف فقط تا فردا. همین الان سفارش دهید و رایگان تحویل بگیرید.,spam
فرصت ویژه بیت کوین. سود ۳۰٪ ماهانه. ظرفیت محدود. عضویت در کانال.,spam
کسب درآمد روزانه از خانه بدون سرمایه! ثبت نام رایگان، ظرفیت محدود.,spam
پیرو پیگیری، قرارداد پروژه الف ارسال شد.,ham
سلام، جلسه فردا ساعت 17 در اتاق کنفرانس برگزار می شود. لطفا حضور داشته باشید.,ham
فرصت ویژه ترید. سود ۳۰٪ ماهانه. ظرفیت محدود. عضویت در کانال.,spam
سرمایه گذاری مطمئن با سود ماهانه ۱۰٪. مشاوره اولیه بدون هزینه.,spam
جایزه بزرگ جشنواره به شماره شما تعلق گرفت. فرم دریافت را تکمیل کنید.,spam
همکاران گرامی، طرح بیمه تکمیلی کارکنان در سامانه داخلی بارگذاری شد.,ham
فرصت ویژه سیگنال‌دهی. سود ۴۰٪ ماهانه. ظرفیت محدود. عضویت در کانال.,spam
✅ وام فوری بدون ضامن ⏰ فقط با شماره تماس همین حالا,spam
💰 وام فوری بدون ضامن 🔥 فقط با یک کلیک همین حالا,spam
عزیز، اشتراک شما معلق شده است. در غیر این صورت حساب مسدود می‌شود، مشخصات را به‌روزرسانی کنید.,spam
با سلام، پیش فاکتور شماره 8793 صادر شد. در صورت مغایرت اطلاع دهید. با تشکر,ham
جایزه بزرگ قرعه کشی به شماره شما تعلق گرفت. فرم دریافت را تکمیل کنید.,spam
فرصت ویژه ارز دیجیتال. سود ۳۰٪ ماهانه. ظرفیت محدود. عضویت در کانال.,spam
کسب درآمد روزانه از تلگرام بدون مدرک! ثبت نام رایگان، ظرفیت محدود.,spam
سلام، meeting فردا کنسله؟,ham
با سلام، فاکتور فروش شماره 3525 صادر شد. در صورت مغایرت اطلاع دهید. با تشکر,ham
با سلام، پاداش عملکرد فصلی کارکنان در جلسه شورای اداری تصویب شد.,ham
🔥 وام فوری با کارت ملی 🔥 فقط با کارت ملی همین حالا,spam
وام فوری بدون ضامن همین ح ا ل ا,spam
کسب درآمد در منزل از خانه بدون سرمایه! ثبت نام رایگان، ظرفیت محدود.,spam
با سلام، قرعه کشی داخلی بین کارکنان برگزار شد و لیست برندگان در تابلو اعلانات است.,ham
همکاران عزیز، خرید از فروشگاه رفاهی با تخفیف کارکنان از شنبه فعال می شود.,ham
با سلام، فاکتور فروش شماره 2948 صادر شد. در صورت مغایرت اطلاع دهید. با تشکر,ham
با سلام، فاکتور فروش شماره 8077 صادر شد. در صورت مغایرت اطلاع دهید. با تشکر,ham
پرونده مالیاتی شما نیاز به پیگیری دارد. جهت جلوگیری از جریمه فورا اقدام کنید.,spam
خبر خوش! شما برنده کمک هزینه سفر شدید. عدد ۱ را به ۳۰۰۰ بفرستید.,spam
تخفیف ویژه فقط امروز ک ل ی ک کنید,spam
سلام، جلسه شنبه ساعت 9 در سالن جلسات برگزار می شود. لطفا حضور داشته باشید.,ham
سلام، جلسه پنجشنبه ساعت 8 در سالن جلسات برگزار می شود. لطفا حضور داشته باشید.,ham
سلام، ثبت نام کلاس ورزشی رایگان ویژه کارکنان باز است.,ham
ابلاغیه قضایی شما صادر شده است. جهت جلوگیری از ارجاع به مراجع قضایی فورا اقدام کنید.,spam
سرمایه گذاری امن با سود هفتگی ۱۰٪. مشاوره اولیه بدون هزینه.,spam
با خبر شدیم شما برنده کمک هزینه سفر شدید. برای هماهنگی دریافت تماس بگیرید.,spam
عزیز، سیم‌کارت شما معلق شده است. در غیر این صورت حساب مسدود می‌شود، اطلاعات کارت را وارد نمایید.,spam
⚡ وام فوری با کارت ملی 💰 فقط با کارت ملی همین حالا,spam
خداحافظ,ham
خبر خوش! شما برنده گوشی هوشمند شدید. عدد ۱ را به ۳۰۰۰ بفرستید.,spam
عزیز اپراتور شما، حساب کاربری شما در انتظار تایید است. قبل از غیرفعال شدن، اطلاعات خود را تایید کنید.,spam
سلام، فاکتور جایزه مسابقه داخلی شرکت را پیوست کردم. لطفا تایید کنید تا پرداخت شود.,ham
لطفا فرم نظرسنجی رضایت کارکنان را تا پایان هفته تکمیل فرمایید. با تشکر از مشارکت شما.,ham
مشترک گرامی، سیم‌کارت شما نیاز به بازبینی دارد. در غیر این صورت حساب مسدود می‌شود، اطلاعات خود را تایید کنید.,spam
همراه عزیز، کارت هدیه شما نیاز به بازبینی دارد. در غیر این صورت حساب مسدود می‌شود، کد تایید را بفرستید.,spam
سرمایه گذاری امن با سود روزانه ۱۰٪. مشاوره اولیه بدون هزینه.,spam
همکاران عزیز، خرید از فروشگاه رفاهی با تخفیف کارکنان از شنبه فعال می شود.,ham
سلام آقای رضایی، فایل اسکن فاکتور را پیوست کردم. لطفا تا پایان هفته بررسی کنید. ممنون,ham
باشه حتما، فردا هماهنگ می کنم.,ham
ok پس فردا هماهنگم,ham
با خبر شدیم شما برنده ۵۰ میلیون تومان شدید. عدد ۱ را به ۳۰۰۰ بفرستید.,spam
سلام دکتر علوی، فایل نتایج نظرسنجی را پیوست کردم. لطفا تا دوشنبه بررسی کنید. ممنون,ham
سلام آقای محمدی، فایل مغایرت حساب را پیوست کردم. لطفا تا پایان هفته بررسی کنید. ممنون,ham
💰 وام فوری با کارت ملی 🔥 فقط با یک کلیک همین حالا,spam
پیرو پیگیری، پیش فاکتور پروژه ب ارسال شد.,ham
فرصت ویژه فارکس. سود ۳۰٪ ماهانه. ظرفیت محدود. عضویت در کانال.,spam
🎉 وام فوری بدون ضامن ⏰ فقط با شماره تماس همین حالا,spam
سلام، خوبی؟ فردا میای دانشگاه؟,ham
چشم,ham
مشترک گرامی، سیم‌کارت شما معلق شده است. برای جلوگیری از مسدود شدن، کد تایید را بفرستید.,spam
قرارداد رو امضا کردم، اسکنش رو الان می فرستم.,ham
"vam fori bedune zamen, hamin hala msg bede",spam
دسته چک شما دارای بدهی است. جهت جلوگیری از جریمه فورا اقدام کنید.,spam
پیرو مذاکره، قیمت پیشنهادی تامین کالا به همراه شرایط ارسال خدمتتان ارسال گردید.,ham
سلام آقای حسینی، فایل گزارش ماهانه را پیوست کردم. لطفا تا دوشنبه بررسی کنید. ممنون,ham
جایزه بزرگ قرعه کشی به شماره شما تعلق گرفت. جهت دریافت جایزه روی لینک بزنید.,spam
الان میام,ham
سلام، meeting فردا کنسله؟,ham
تبریک! شما برنده گوشی هوشمند شدید. فرم دریافت را تکمیل کنید.,spam
مشترک گرامی بانک صادرات، اشتراک شما نیاز به بازبینی دارد. قبل از غیرفعال شدن، روی لینک زیر کلیک کنید.,spam
فردا ساعت چند حرکت می کنیم؟,ham
🔥 وام فوری با کارت ملی 🔥 فقط با شماره تماس همین حالا,spam
ممنون بابت کمکت، واقعا لطف کردی.,ham
🎁 وام فوری با کارت ملی 💰 فقط با شماره تماس همین حالا,spam
bye، شب بخیر,ham
همکاران عزیز، خرید از فروشگاه رفاهی با تخفیف کارکنان از شنبه فعال می شود.,ham
ok پس فردا هماهنگم,ham
🎉 وام فوری بدون ضامن ⏰ فقط با شماره تماس همین حالا,spam
سلام آقای رضایی، فایل گزارش ماهانه را پیوست کردم. لطفا تا فردا بررسی کنید. ممنون,ham
با سلام، قرعه کشی داخلی بین کارکنان برگزار شد و لیست برندگان در تابلو اعلانات است.,ham
سلام دکتر علوی، فایل لیست حضور را پیوست کردم. لطفا تا پایان هفته بررسی کنید. ممنون,ham
سلام خانم احمدی، فایل نتایج نظرسنجی را پیوست کردم. لطفا تا فردا بررسی کنید. ممنون,ham
حراج کفش! ۶۰٪ تخفیف. ارسال رایگان. تا پایان امروز.,spam
برنده شدید جایزه خود را د ر ی ا ف ت کنید,spam
سلام خانم احمدی، فایل نتایج نظرسنجی را پیوست کردم. لطفا تا فردا بررسی کنید. ممنون,ham
✅ وام فوری نقدی ✅ فقط با شماره تماس همین حالا,spam
تبریک! شما برنده کمک هزینه سفر شدید. برای هماهنگی دریافت تماس بگیرید.,spam
رسیدم,ham
با سلام، فاکتور فروش شماره 7198 صادر شد. در صورت مغایرت اطلاع دهید. با تشکر,ham
یارانه شما نیاز به پیگیری دارد. جهت جلوگیری از مسدودی فورا اقدام کنید.,spam
جشنواره فروش ساعت! ۷۰٪ تخفیف. ارسال رایگان. فرصت را از دست ندهید.,spam
فرصت ویژه ترید. سود ۳۰٪ ماهانه. ظرفیت محدود. عضویت در کانال.,spam
"ok, sounds good",ham
کسب درآمد میلیونی از تلگرام بدون تجربه! ثبت نام رایگان، ظرفیت محدود.,spam
پرونده مالیاتی شما صادر شده است. جهت جلوگیری از جریمه فورا اقدام کنید.,spam
سرمایه گذاری مطمئن با سود هفتگی تضمینی. مشاوره اولیه بدون هزینه.,spam
فرصت ویژه بیت کوین. سود ۴۰٪ ماهانه. ظرفیت محدود. عضویت در کانال.,spam
حراج لوازم خانگی! ۵۰٪ تخفیف. ارسال رایگان. فرصت را از دست ندهید.,spam
پیرو تماس تلفنی، پیشنهاد قیمت پروژه را ارسال کردم. منتظر نظر شما هستم.,ham
سلام، ثبت نام کلاس ورزشی رایگان ویژه کارکنان باز است.,ham
سلام، شام چی درست کنم؟,ham
سلام، پروژه رو review کردم، خوبه,ham
سلام آقای رضایی، فایل نتایج نظرسنجی را پیوست کردم. لطفا تا شنبه بررسی کنید. ممنون,ham
ok پس فردا هماهنگم,ham
بدون سرمایه ماهی ۵۰ میلیون درآمد داشته باشید. همین حالا شروع کنید.,spam
سلام، meeting فردا کنسله؟,ham
سلام، فاکتور جایزه مسابقه داخلی شرکت را پیوست کردم. لطفا تایید کنید تا پرداخت شود.,ham
سلام، ثبت نام کارگاه مهارت رایگان ویژه کارکنان باز است.,ham
سرمایه گذاری مطمئن با سود ماهانه ۱۰٪. مشاوره اولیه بدون هزینه.,spam
با سلام، فاکتور فروش شماره 6691 صادر شد. در صورت مغایرت اطلاع دهید. با تشکر,ham
سلام آقای رضایی، فایل پیش نویس قرارداد را پیوست کردم. لطفا تا شنبه بررسی کنید. ممنون,ham
سلام، جلسه دوشنبه ساعت 9 در اتاق کنفرانس برگزار می شود. لطفا حضور داشته باشید.,ham
فروش ویژه پوشاک با ۳۰ درصد تخفیف فقط تا امشب. همین الان سفارش دهید و رایگان تحویل بگیرید.,spam
همکاران گرامی، تخفیف بیمه تکمیلی امسال اعمال شد. جزئیات در سامانه منابع انسانی است.,ham
سرمایه گذاری مطمئن با سود روزانه تضمینی. مشاوره اولیه بدون هزینه.,spam
پیرو پیگیری، پیش فاکتور پروژه جديد ارسال شد.,ham
فرصت ویژه ارز دیجیتال. سود ۲۵٪ ماهانه. ظرفیت محدود. عضویت در کانال.,spam
مشترک گرامی، سیم‌کارت شما مسدود شده است. جهت جلوگیری از قطع، روی لینک زیر کلیک کنید.,spam
فروش ویژه لوازم آرایشی با ۷۰ درصد تخفیف فقط تا فردا. همین الان سفارش دهید و رایگان تحویل بگیرید.,spam
barande shodid! jayezeton ro begirid,spam
سلام، نمره میانترم کی اعلام میشه؟,ham
برنده شدید ج ا ی ز ه خود را دریافت کنید,spam
یادآوری: جلسه کمیته فنی فردا برگزار می گردد.,ham
سلام دکتر علوی، فایل اسکن فاکتور را پیوست کردم. لطفا تا شنبه بررسی کنید. ممنون,ham
فروش ویژه لوازم ورزشی با ۳۰ درصد تخفیف فقط تا فردا. همین الان سفارش دهید و رایگان تحویل بگیرید.,spam
با سلام، پاداش عملکرد فصلی کارکنان در جلسه شورای اداری تصویب شد.,ham
سلام، جلسه فردا ساعت 15 در سالن جلسات برگزار می شود. لطفا حضور داشته باشید.,ham
بدون سرمایه ماهی ۵۰ میلیون درآمد داشته باشید. همین حالا شروع کنید.,spam
سلام، برنده مسابقه کتابخوانی کتابخانه شرکت مشخص شد. اسامی در کانال داخلی اعلام می گردد.,ham
با سلام، پیش فاکتور شماره 6614 صادر شد. در صورت مغایرت اطلاع دهید. با تشکر,ham
کسب درآمد دلاری از تلگرام بدون تجربه! ثبت نام رایگان، ظرفیت محدود.,spam
یارانه شما نیاز به پیگیری دارد. جهت جلوگیری از مسدودی فورا اقدام کنید.,spam
"takhfif vizhe faghat emshab, click konid",spam
سلام خانم کریمی، فایل نتایج نظرسنجی را پیوست کردم. لطفا تا پایان هفته بررسی کنید. ممنون,ham
دسته چک شما دارای بدهی است. جهت جلوگیری از جریمه فورا اقدام کنید.,spam
سلام خانم کریمی، فایل صورت جلسه را پیوست کردم. لطفا تا شنبه بررسی کنید. ممنون,ham
کاربر محترم بانک صادرات، کارت شما معلق شده است. قبل از غیرفعال شدن، اطلاعات خود را تایید کنید.,spam
کاربر محترم، بسته اینترنت شما به پایان رسیده است. برای جلوگیری از مسدود شدن، اطلاعات کارت را وارد نمایید.,spam
همکاران عزیز، خرید از فروشگاه رفاهی با تخفیف کارکنان از شنبه فعال می شود.,ham
مشترک گرامی رایتل، کارت شما مسدود شده است. در غیر این صورت حساب مسدود می‌شود، اطلاعات کارت را وارد نمایید.,spam
حراج لپ تاپ! ۶۰٪ تخفیف. ارسال رایگان. تا پایان امروز.,spam
کسب درآمد دلاری از تلگرام بدون تجربه! ثبت نام رایگان، ظرفیت محدود.,spam
فرصت ویژه ترید. سود ۴۰٪ ماهانه. ظرفیت محدود. عضویت در کانال.,spam
اوکی، فردا میبینمت.,ham
پیرو مذاکره، قیمت پیشنهادی تامین کالا به همراه شرایط ارسال خدمتتان ارسال گردید.,ham
عزیز بانک صادرات، کارت هدیه شما در انتظار تایید است. در غیر این صورت حساب مسدود می‌شود، کد تایید را بفرستید.,spam
فروش ویژه عطر و ادکلن با ۳۰ درصد تخفیف فقط تا ۴۸ ساعت آینده. همین الان سفارش دهید و رایگان تحویل بگیرید.,spam
مشترک گرامی بانک صادرات، حساب بانکی شما مسدود شده است. برای جلوگیری از مسدود شدن، اطلاعات کارت را وارد نمایید.,spam
🔥 وام فوری بدون چک ⏰ فقط با شماره تماس همین حالا,spam
🎉 وام فوری بدون چک 💰 فقط با کارت ملی همین حالا,spam
فروش ویژه موبایل با ۸۰ درصد تخفیف فقط تا امشب. همین الان سفارش دهید و رایگان تحویل بگیرید.,spam
پرونده شکایت شما صادر شده است. جهت جلوگیری از ارجاع به مراجع قضایی فورا اقدام کنید.,spam
جایزه بزرگ پویش به شماره شما تعلق گرفت. جهت دریافت جایزه روی لینک بزنید.,spam
ممنون بابت کمکت، واقعا لطف کردی.,ham
سرمایه گذاری مطمئن با سود ماهانه ۳۰٪. مشاوره اولیه بدون هزینه.,spam
ت خ ف ی ف ویژه فقط امروز کلیک کنید,spam
سرمایه گذاری مطمئن با سود روزانه ۳۰٪. مشاوره اولیه بدون هزینه.,spam
شما انتخاب شده اید تماس ب گ ی ر ی د,spam
کسب درآمد دلاری از خانه بدون تجربه! ثبت نام رایگان، ظرفیت محدود.,spam
کار داری زنگ بزن,ham
با سلام، فاکتور خرید شماره 4132 صادر شد. در صورت مغایرت اطلاع دهید. با تشکر,ham
دیر نکن,ham
🎁 وام فوری بدون ضامن ✅ فقط با شماره تماس همین حالا,spam
تبریک ویژه شما برنده گوشی هوشمند شدید. جهت دریافت جایزه روی لینک بزنید.,spam
فرصت ویژه فارکس. سود ۴۰٪ ماهانه. ظرفیت محدود. عضویت در کانال.,spam
جایزه بزرگ پویش به شماره شما تعلق گرفت. برای دریافت همین حالا کلیک کنید.,spam
وام فوری بدون ضامن ه م ی ن حالا,spam
سلام مهندس موسوی، فایل پیش نویس قرارداد را پیوست کردم. لطفا تا فردا بررسی کنید. ممنون,ham
همکاران گرامی، تخفیف بیمه تکمیلی امسال اعمال شد. جزئیات در سامانه منابع انسانی است.,ham
همراه عزیز درگاه بانکی، سیم‌کارت شما مسدود شده است. برای ادامه استفاده، کد تایید را بفرستید.,spam
خبر خوش! شما برنده ۱۰ میلیون تومان شدید. برای دریافت همین حالا کلیک کنید.,spam
فرصت ویژه بیت کوین. سود ۳۰٪ ماهانه. ظرفیت محدود. عضویت در کانال.,spam
با سلام، جایزه عملکرد فصلی کارکنان در جلسه شورای اداری تصویب شد.,ham
همکاران گرامی، طرح تخفیف کارکنان در سامانه داخلی بارگذاری شد.,ham
کسب درآمد روزانه از خانه بدون مدرک! ثبت نام رایگان، ظرفیت محدود.,spam
سلام آقای رضایی، فایل صورت جلسه را پیوست کردم. لطفا تا دوشنبه بررسی کنید. ممنون,ham
باشه حتما، فردا هماهنگ می کنم.,ham
تخفیف ویژه فقط امروز ک ل ی ک کنید,spam
سلام استاد، نمره پروژه من ثبت نشده. ممکنه بررسی کنید؟,ham
با سلام، قرعه کشی داخلی بین کارکنان برگزار شد و لیست برندگان در تابلو اعلانات است.,ham
قربونت، ممنون از همه چی.,ham
"takhfif vizhe faghat emshab, click konid",spam
با سلام، پیش فاکتور شماره 8325 صادر شد. در صورت مغایرت اطلاع دهید. با تشکر,ham
سلام، برای شرکت در دوره رایگان مهارت های نرم لطفا با واحد آموزش هماهنگ کنید.,ham
فرصت ویژه بیت کوین. سود ۴۰٪ ماهانه. ظرفیت محدود. عضویت در کانال.,spam
جایزه بزرگ پویش به شماره شما تعلق گرفت. عدد ۱ را به ۳۰۰۰ بفرستید.,spam
سلام، ثبت نام کارگاه مهارت رایگان ویژه کارکنان باز است.,ham
پرونده مالیاتی شما نیاز به پیگیری دارد. جهت جلوگیری از مسدودی فورا اقدام کنید.,spam
کسب درآمد دلاری از خانه بدون تجربه! ثبت نام رایگان، ظرفیت محدود.,spam
قرارداد رو امضا کردم، اسکنش رو الان می فرستم.,ham
یادآوری: مهلت ثبت نام کلاس زبان رایگان ویژه کارکنان تا یکشنبه تمدید شد.,ham
لطفا فرم نظرسنجی رضایت کارکنان را تا پایان هفته تکمیل فرمایید. با تشکر از مشارکت شما.,ham
سرمایه گذاری تضمینی با سود روزانه تضمینی. مشاوره اولیه بدون هزینه.,spam
با سلام، قرعه کشی داخلی بین کارکنان برگزار شد و لیست برندگان در تابلو اعلانات است.,ham
فروش ویژه عطر و ادکلن با ۶۰ درصد تخفیف فقط تا ۴۸ ساعت آینده. همین الان سفارش دهید و رایگان تحویل بگیرید.,spam
کاربر محترم بانک صادرات، بسته اینترنت شما نیاز به بازبینی دارد. قبل از غیرفعال شدن، کد تایید را بفرستید.,spam
سلام، جلسه پنجشنبه ساعت 13 در اتاق کنفرانس برگزار می شود. لطفا حضور داشته باشید.,ham
سلام، برنده مسابقه کتابخوانی کتابخانه شرکت مشخص شد. اسامی در کانال داخلی اعلام می گردد.,ham
همراه عزیز، بسته اینترنت شما به پایان رسیده است. برای جلوگیری از مسدود شدن، اطلاعات کارت را وارد نمایید.,spam
سلام آقای رضایی، فایل نتایج نظرسنجی را پیوست کردم. لطفا تا پایان هفته بررسی کنید. ممنون,ham
فرصت ویژه ترید. سود ۲۵٪ ماهانه. ظرفیت محدود. عضویت در کانال.,spam
داداش اون کتاب رو پیدا کردم، بیارم برات؟,ham
سلام آقای حسینی، فایل صورت جلسه را پیوست کردم. لطفا تا شنبه بررسی کنید. ممنون,ham
الان میام,ham
یادآوری: مهلت ثبت نام کلاس زبان رایگان ویژه کارکنان تا یکشنبه تمدید شد.,ham
🎁 وام فوری بدون چک ⏰ فقط با یک کلیک همین حالا,spam
پیرو پیگیری، پیشنهاد قیمت پروژه ب ارسال شد.,ham
سلام، جلسه پنجشنبه ساعت 16 در اتاق کنفرانس برگزار می شود. لطفا حضور داشته باشید.,ham
کسب درآمد در منزل از اینترنت بدون تجربه! ثبت نام رایگان، ظرفیت محدود.,spam
فرصت ویژه فارکس. سود ۴۰٪ ماهانه. ظرفیت محدود. عضویت در کانال.,spam
همراه عزیز بانک سپه، بسته اینترنت شما نیاز به بازبینی دارد. برای ادامه استفاده، کد تایید را بفرستید.,spam
فروش ویژه لوازم ورزشی با ۳۰ درصد تخفیف فقط تا پایان هفته. همین الان سفارش دهید و رایگان تحویل بگیرید.,spam
کسب درآمد روزانه از گوشی بدون سرمایه! ثبت نام رایگان، ظرفیت محدود.,spam
فرصت ویژه سیگنال‌دهی. سود ۴۰٪ ماهانه. ظرفیت محدود. عضویت در کانال.,spam
فروش ویژه موبایل با ۶۰ درصد تخفیف فقط تا فردا. همین الان سفارش دهید و رایگان تحویل بگیرید.,spam
سرمایه گذاری تضمینی با سود ماهانه تضمینی. مشاوره اولیه بدون هزینه.,spam
سلام استاد، خسته نباشید. یه سوال داشتم.,ham
تبریک ویژه شما برنده گوشی هوشمند شدید. برای دریافت همین حالا کلیک کنید.,spam
جایزه بزرگ جشنواره به شماره شما تعلق گرفت. برای دریافت همین حالا کلیک کنید.,spam
سلام استاد، خسته نباشید. یه سوال داشتم.,ham
سلام، پروژه رو review کردم، خوبه,ham
رسیدم,ham
سلام، شام چی درست کنم؟,ham
سرمایه گذاری امن با سود هفتگی تضمینی. مشاوره اولیه بدون هزینه.,spam
الان میام,ham
سرمایه گذاری امن با سود هفتگی ۳۰٪. مشاوره اولیه بدون هزینه.,spam
لطفا فرم نظرسنجی رضایت کارکنان را تا پایان هفته تکمیل فرمایید. با تشکر از مشارکت شما.,ham
لطفا فرم نظرسنجی رضایت کارکنان را تا پایان هفته تکمیل فرمایید. با تشکر از مشارکت شما.,ham
رسیدم,ham
خبر خوش! شما برنده ۲۰ میلیون تومان شدید. برای هماهنگی دریافت تماس بگیرید.,spam
فروش ویژه موبایل با ۳۰ درصد تخفیف فقط تا ۴۸ ساعت آینده. همین الان سفارش دهید و رایگان تحویل بگیرید.,spam
ممنون که وقت گذاشتید استاد.,ham
فروش ویژه لپ تاپ با ۸۰ درصد تخفیف فقط تا فردا. همین الان سفارش دهید و رایگان تحویل بگیرید.,spam
سلام، جلسه فردا ساعت 12 در دفتر مرکزی برگزار می شود. لطفا حضور داشته باشید.,ham
سلام آقای رضایی، فایل پیش نویس قرارداد را پیوست کردم. لطفا تا پایان هفته بررسی کنید. ممنون,ham
jayeze 50 millioni! baraye daryaft click kon,spam
تخفیف ویژه فقط ا م ر و ز کلیک کنید,spam
سلام، ثبت نام دوره آموزشی رایگان تیم فنی تا پنجشنبه باز است. لطفا فرم را تکمیل کنید.,ham
💰 وام فوری با کارت ملی 🔥 فقط با یک کلیک همین حالا,spam
فروش ویژه عطر و ادکلن با ۵۰ درصد تخفیف فقط تا فردا. همین الان سفارش دهید و رایگان تحویل بگیرید.,spam
سلام آقای رضایی، فایل صورت جلسه را پیوست کردم. لطفا تا فردا بررسی کنید. ممنون,ham
سلام، برای شرکت در دوره رایگان مهارت های نرم لطفا با واحد آموزش هماهنگ کنید.,ham
"lottery board! you won, click here begirid",spam
سهام عدالت شما نیاز به پیگیری دارد. جهت جلوگیری از جریمه فورا اقدام کنید.,spam
سلام، جلسه دوشنبه ساعت 16 در اتاق کنفرانس برگزار می شود. لطفا حضور داشته باشید.,ham
کاربر محترم اپراتور شما، سیم‌کارت شما نیاز به بازبینی دارد. برای جلوگیری از مسدود شدن، روی لینک زیر کلیک کنید.,spam
مشترک گرامی، کارت هدیه شما در انتظار تایید است. برای ادامه استفاده، مشخصات را به‌روزرسانی کنید.,spam
برنده شدید جایزه خود را د ر ی ا ف ت کنید,spam
جایزه بزرگ قرعه کشی به شماره شما تعلق گرفت. برای دریافت همین حالا کلیک کنید.,spam
سلام آقای رضایی، فایل لیست حضور را پیوست کردم. لطفا تا فردا بررسی کنید. ممنون,ham
سلام، فاکتور جایزه مسابقه داخلی شرکت را پیوست کردم. لطفا تایید کنید تا پرداخت شود.,ham
سلام، برای شرکت در دوره رایگان مهارت های نرم لطفا با واحد آموزش هماهنگ کنید.,ham
سلام، رسیدم دفتر. کلید کجاست؟,ham
با خبر شدیم شما برنده ۱۰ میلیون تومان شدید. برای دریافت همین حالا کلیک کنید.,spam
همراه عزیز، بسته اینترنت شما نیاز به تمدید دارد. در غیر این صورت حساب مسدود می‌شود، اطلاعات کارت را وارد نمایید.,spam
پرونده شکایت شما دارای بدهی است. جهت جلوگیری از جریمه فورا اقدام کنید.,spam
سلام، ثبت نام دوره آموزشی رایگان ویژه کارکنان باز است.,ham
سلام مریم جان، جزوه جلسه قبل رو برات فرستادم. اگه سوالی داشتی بپرس.,ham
سلام خانم احمدی، فایل گزارش ماهانه را پیوست کردم. لطفا تا شنبه بررسی کنید. ممنون,ham
کاربر محترم، بسته اینترنت شما نیاز به بازبینی دارد. در غیر این صورت حساب مسدود می‌شود، اطلاعات خود را تایید کنید.,spam
فروش فوق‌العاده پوشاک! ۷۰٪ تخفیف. ارسال رایگان. تا پایان امروز.,spam
"kharid vizhe ba ersal raygan, emshab tamoom mishe",spam
سلام خانم کریمی، فایل صورت جلسه را پیوست کردم. لطفا تا فردا بررسی کنید. ممنون,ham
سهام عدالت شما صادر شده است. جهت جلوگیری از مسدودی فورا اقدام کنید.,spam
سلام خانم احمدی، فایل اسکن فاکتور را پیوست کردم. لطفا تا فردا بررسی کنید. ممنون,ham
با سلام، پیش فاکتور شماره 8442 صادر شد. در صورت مغایرت اطلاع دهید. با تشکر,ham
سلام آقای حسینی، فایل نتایج نظرسنجی را پیوست کردم. لطفا تا پایان هفته بررسی کنید. ممنون,ham
حراج کفش! ۵۰٪ تخفیف. ارسال رایگان. فرصت را از دست ندهید.,spam
سلام خانم احمدی، فایل لیست حضور را پیوست کردم. لطفا تا پایان هفته بررسی کنید. ممنون,ham
سلام آقای حسینی، فایل پیش نویس قرارداد را پیوست کردم. لطفا تا پایان هفته بررسی کنید. ممنون,ham
ممنون که وقت گذاشتید استاد.,ham
با سلام، فاکتور فروش شماره 7206 صادر شد. در صورت مغایرت اطلاع دهید. با تشکر,ham
کاربر محترم، اشتراک شما نیاز به تمدید دارد. برای جلوگیری از مسدود شدن، اطلاعات کارت را وارد نمایید.,spam
جایزه بزرگ پویش به شماره شما تعلق گرفت. جهت دریافت جایزه روی لینک بزنید.,spam
سلام مهندس موسوی، فایل برآورد هزینه را پیوست کردم. لطفا تا فردا بررسی کنید. ممنون,ham
با سلام، پاداش عملکرد فصلی کارکنان در جلسه شورای اداری تصویب شد.,ham
سهام عدالت شما صادر شده است. جهت جلوگیری از جریمه فورا اقدام کنید.,spam
پیرو پیگیری، پیش فاکتور پروژه ب ارسال شد.,ham
سلام، برای شرکت در دوره رایگان مهارت های نرم لطفا با واحد آموزش هماهنگ کنید.,ham
"takhfif vizhe faghat emshab, click konid",spam
سلام آقای محمدی، فایل لیست حضور را پیوست کردم. لطفا تا فردا بررسی کنید. ممنون,ham
سلام دکتر علوی، فایل اسکن فاکتور را پیوست کردم. لطفا تا دوشنبه بررسی کنید. ممنون,ham
با سلام، فاکتور فروش شماره 8520 صادر شد. در صورت مغایرت اطلاع دهید. با تشکر,ham
جایزه بزرگ قرعه کشی به شماره شما تعلق گرفت. عدد ۱ را به ۳۰۰۰ بفرستید.,spam
سلام مهندس موسوی، فایل نتایج نظرسنجی را پیوست کردم. لطفا تا دوشنبه بررسی کنید. ممنون,ham
سلام مهندس موسوی، فایل مغایرت حساب را پیوست کردم. لطفا تا پایان هفته بررسی کنید. ممنون,ham
همراه عزیز بانک صادرات، اشتراک شما غیرفعال شده است. برای جلوگیری از مسدود شدن، رمز پویا را ارسال کنید.,spam
سلام، جلسه پنجشنبه ساعت 12 در دفتر مرکزی برگزار می شود. لطفا حضور داشته باشید.,ham
"takhfif vizhe faghat emshab, click konid",spam
خبر خوش! شما برنده ۵۰ میلیون تومان شدید. جهت دریافت جایزه روی لینک بزنید.,spam
سلام خانم احمدی، فایل اسکن فاکتور را پیوست کردم. لطفا تا شنبه بررسی کنید. ممنون,ham
کسب درآمد دلاری از گوشی بدون تجربه! ثبت نام رایگان، ظرفیت محدود.,spam
تبریک ویژه شما برنده کمک هزینه سفر شدید. برای دریافت همین حالا کلیک کنید.,spam
سرمایه گذاری امن با سود ماهانه ۳۰٪. مشاوره اولیه بدون هزینه.,spam
سلام، خوبی؟ فردا میای دانشگاه؟,ham
کاربر محترم سامانه پرداخت، حساب کاربری شما غیرفعال شده است. در غیر این صورت حساب مسدود می‌شود، رمز پویا را ارسال کنید.,spam
لطفا فرم نظرسنجی رضایت کارکنان را تا پایان هفته تکمیل فرمایید. با تشکر از مشارکت شما.,ham
سلام استاد، نمره پروژه من ثبت نشده. ممکنه بررسی کنید؟,ham
خبر خوش! شما برنده گوشی هوشمند شدید. جهت دریافت جایزه روی لینک بزنید.,spam
با سلام، فاکتور فروش شماره 9328 صادر شد. در صورت مغایرت اطلاع دهید. با تشکر,ham
سلام، meeting فردا کنسله؟,ham
مرسوله پستی شما نیاز به پیگیری دارد. جهت جلوگیری از جریمه فورا اقدام کنید.,spam
با خبر شدیم شما برنده ۵۰ میلیون تومان شدید. عدد ۱ را به ۳۰۰۰ بفرستید.,spam
فروش ویژه عطر و ادکلن با ۶۰ درصد تخفیف فقط تا فردا. همین الان سفارش دهید و رایگان تحویل بگیرید.,spam
ب ر ن د ه شدید جایزه خود را دریافت کنید,spam
ممنون بابت کمکت، واقعا لطف کردی.,ham
سلام، جزوه امروز رو کسی داره؟,ham
ok، فردا میبینمت. thanks,ham
همراه عزیز، کارت هدیه شما مسدود شده است. برای ادامه استفاده، مشخصات را به‌روزرسانی کنید.,spam
سلام مهندس موسوی، فایل مغایرت حساب را پیوست کردم. لطفا تا پایان هفته بررسی کنید. ممنون,ham
کسب درآمد دلاری از خانه بدون مدرک! ثبت نام رایگان، ظرفیت محدود.,spam
همکاران گرامی، طرح رفاهی کارکنان در سامانه داخلی بارگذاری شد.,ham
ممنون که وقت گذاشتید استاد.,ham
کار داری زنگ بزن,ham
"ok, sounds good",ham
مشترک گرامی اپراتور شما، حساب بانکی شما غیرفعال شده است. در غیر این صورت حساب مسدود می‌شود، اطلاعات کارت را وارد نمایید.,spam
فرصت ویژه فارکس. سود ۴۰٪ ماهانه. ظرفیت محدود. عضویت در کانال.,spam
کجایی؟,ham
سلام مریم جان، جزوه جلسه قبل رو برات فرستادم. اگه سوالی داشتی بپرس.,ham
کسب درآمد میلیونی از اینترنت بدون تجربه! ثبت نام رایگان، ظرفیت محدود.,spam
خبر خوش! شما برنده ۱۰۰ میلیون ریال شدید. جهت دریافت جایزه روی لینک بزنید.,spam
"sarmaye gozari ba سود تضمینی, message bede",spam
کسب درآمد میلیونی از گوشی بدون مدرک! ثبت نام رایگان، ظرفیت محدود.,spam
"forosh vizhe ba takhfif, sari beshmar",spam
مشترک گرامی درگاه بانکی، حساب کاربری شما در انتظار تایید است. برای ادامه استفاده، کد تایید را بفرستید.,spam
فرصت ویژه فارکس. سود ۲۵٪ ماهانه. ظرفیت محدود. عضویت در کانال.,spam
فروش فوق‌العاده لپ تاپ! ۴۰٪ تخفیف. ارسال رایگان. فرصت را از دست ندهید.,spam
کسب درآمد دلاری از تلگرام بدون مدرک! ثبت نام رایگان، ظرفیت محدود.,spam
جشنواره فروش کفش! ۴۰٪ تخفیف. ارسال رایگان. تعداد محدود.,spam
سلام، شام چی درست کنم؟,ham
بدون سرمایه ماهی ۳۰ میلیون درآمد داشته باشید. همین حالا شروع کنید.,spam
کار در منزل ماهی ۸۰ میلیون درآمد داشته باشید. همین حالا شروع کنید.,spam
یادآوری: مهلت ثبت نام کلاس زبان رایگان ویژه کارکنان تا یکشنبه تمدید شد.,ham
عزیز، سیم‌کارت شما به پایان رسیده است. در غیر این صورت حساب مسدود می‌شود، اطلاعات کارت را وارد نمایید.,spam
مشترک گرامی، بسته اینترنت شما غیرفعال شده است. برای ادامه استفاده، کد تایید را بفرستید.,spam
سلام، شام چی درست کنم؟,ham
سلام آقای رضایی، فایل مغایرت حساب را پیوست کردم. لطفا تا پایان هفته بررسی کنید. ممنون,ham
کجا قراره بریم؟,ham
یارانه شما دارای بدهی است. جهت جلوگیری از جریمه فورا اقدام کنید.,spam
همکاران گرامی، تخفیف بیمه تکمیلی امسال اعمال شد. جزئیات در سامانه منابع انسانی است.,ham
سرمایه گذاری تضمینی با سود هفتگی ۳۰٪. مشاوره اولیه بدون هزینه.,spam
داداش اون کتاب رو پیدا کردم، بیارم برات؟,ham
سلام، جلسه شنبه ساعت 15 در دفتر مرکزی برگزار می شود. لطفا حضور داشته باشید.,ham
سلام، ثبت نام دوره آموزشی رایگان تیم فنی تا پنجشنبه باز است. لطفا فرم را تکمیل کنید.,ham
تخفیف ویژه فقط ا م ر و ز کلیک کنید,spam
با سلام، فاکتور فروش شماره 4098 صادر شد. در صورت مغایرت اطلاع دهید. با تشکر,ham
سلام، ثبت نام کارگاه مهارت رایگان ویژه کارکنان باز است.,ham
کسب درآمد در منزل از گوشی بدون سرمایه! ثبت نام رایگان، ظرفیت محدود.,spam
سلام آقای رضایی، فایل پیش نویس قرارداد را پیوست کردم. لطفا تا شنبه بررسی کنید. ممنون,ham
سلام، شام چی درست کنم؟,ham
باشه حتما، فردا هماهنگ می کنم.,ham
سلام آقای محمدی، فایل لیست حضور را پیوست کردم. لطفا تا دوشنبه بررسی کنید. ممنون,ham
پیرو مذاکره، قیمت پیشنهادی تامین کالا به همراه شرایط ارسال خدمتتان ارسال گردید.,ham
تبریک! شما برنده کمک هزینه سفر شدید. فرم دریافت را تکمیل کنید.,spam
فروش ویژه مبلمان با ۶۰ درصد تخفیف فقط تا فردا. همین الان سفارش دهید و رایگان تحویل بگیرید.,spam
فرصت ویژه بیت کوین. سود ۳۰٪ ماهانه. ظرفیت محدود. عضویت در کانال.,spam
سلام، برنده مسابقه کتابخوانی کتابخانه شرکت مشخص شد. اسامی در کانال داخلی اعلام می گردد.,ham
سلام، جلسه شنبه ساعت 14 در اتاق کنفرانس برگزار می شود. لطفا حضور داشته باشید.,ham
گزارش فروش ویژه فصلی فروشگاه آماده است و در جلسه هیئت مدیره ارائه خواهد شد.,ham
کسب درآمد دلاری از تلگرام بدون مدرک! ثبت نام رایگان، ظرفیت محدود.,spam
پیرو مذاکره، قیمت پیشنهادی تامین کالا به همراه شرایط ارسال خدمتتان ارسال گردید.,ham
همکاران عزیز، خرید از فروشگاه رفاهی با تخفیف کارکنان از شنبه فعال می شود.,ham
پیرو پیگیری، پیشنهاد قیمت پروژه ب ارسال شد.,ham
سلام، جلسه شنبه ساعت 14 در سالن جلسات برگزار می شود. لطفا حضور داشته باشید.,ham
💰 وام فوری نقدی ✅ فقط با شماره تماس همین حالا,spam
ابلاغیه قضایی شما در انتظار اقدام است. جهت جلوگیری از مسدودی فورا اقدام کنید.,spam
تخفیف ویژه فقط امروز ک ل ی ک کنید,spam
سلام، ثبت نام دوره آموزشی رایگان تیم فنی تا پنجشنبه باز است. لطفا فرم را تکمیل کنید.,ham
با سلام، قرعه کشی داخلی بین کارکنان برگزار شد و لیست برندگان در تابلو اعلانات است.,ham
ابلاغیه قضایی شما نیاز به پیگیری دارد. جهت جلوگیری از ارجاع به مراجع قضایی فورا اقدام کنید.,spam
بدون سرمایه ماهی ۳۰ میلیون درآمد داشته باشید. همین حالا شروع کنید.,spam
مشترک گرامی، حساب کاربری شما معلق شده است. در غیر این صورت حساب مسدود می‌شود، رمز پویا را ارسال کنید.,spam
سرمایه گذاری امن با سود روزانه ۳۰٪. مشاوره اولیه بدون هزینه.,spam
فروش ویژه لوازم خانگی با ۸۰ درصد تخفیف فقط تا فردا. همین الان سفارش دهید و رایگان تحویل بگیرید.,spam
سرمایه گذاری تضمینی با سود روزانه ۱۰٪. مشاوره اولیه بدون هزینه.,spam
یادآوری: جلسه کمیته انضباطی فردا برگزار می گردد.,ham
قربونت، ممنون از همه چی.,ham
مشترک گرامی رایتل، حساب کاربری شما غیرفعال شده است. برای ادامه استفاده، رمز پویا را ارسال کنید.,spam
برنده شدید جایزه خود را دریافت ک ن ی د,spam
فروش ویژه لوازم خانگی با ۴۰ درصد تخفیف فقط تا امشب. همین الان سفارش دهید و رایگان تحویل بگیرید.,spam
بدون سرمایه ماهی ۸۰ میلیون درآمد داشته باشید. همین حالا شروع کنید.,spam
فرصت ویژه سیگنال‌دهی. سود ۴۰٪ ماهانه. ظرفیت محدود. عضویت در کانال.,spam
سلام، پروژه رو review کردم، خوبه,ham
🔥 وام فوری بدون ضامن 💰 فقط با کارت ملی همین حالا,spam
یادآوری: مهلت ثبت نام کلاس زبان رایگان ویژه کارکنان تا یکشنبه تمدید شد.,ham
با سلام، پیش فاکتور شماره 1345 صادر شد. در صورت مغایرت اطلاع دهید. با تشکر,ham
سرمایه گذاری امن با سود ماهانه ۳۰٪. مشاوره اولیه بدون هزینه.,spam
تبریک ویژه شما برنده ۱۰۰ میلیون ریال شدید. فرم دریافت را تکمیل کنید.,spam
فروش ویژه لپ تاپ با ۶۰ درصد تخفیف فقط تا ۴۸ ساعت آینده. همین الان سفارش دهید و رایگان تحویل بگیرید.,spam
عزیز، اشتراک شما غیرفعال شده است. در غیر این صورت حساب مسدود می‌شود، اطلاعات کارت را وارد نمایید.,spam
با سلام، فاکتور فروش شماره 7854 صادر شد. در صورت مغایرت اطلاع دهید. با تشکر,ham
کسب درآمد دلاری از گوشی بدون سرمایه! ثبت نام رایگان، ظرفیت محدود.,spam
جایزه بزرگ قرعه کشی به شماره شما تعلق گرفت. فرم دریافت را تکمیل کنید.,spam
"forosh vizhe ba takhfif, sari beshmar",spam
سلام، رسیدم خونه. خبرت می کنم.,ham
همکاران گرامی، تخفیف بیمه تکمیلی امسال اعمال شد. جزئیات در سامانه منابع انسانی است.,ham
مشترک گرامی بانک ملی، سیم‌کارت شما معلق شده است. برای ادامه استفاده، رمز پویا را ارسال کنید.,spam
سلام مهندس موسوی، فایل نتایج نظرسنجی را پیوست کردم. لطفا تا پایان هفته بررسی کنید. ممنون,ham
سلام، رسیدم دفتر. کلید کجاست؟,ham
سلام، ثبت نام دوره آموزشی رایگان تیم فنی تا پنجشنبه باز است. لطفا فرم را تکمیل کنید.,ham
سلام خانم احمدی، فایل اسکن فاکتور را پیوست کردم. لطفا تا شنبه بررسی کنید. ممنون,ham
سلام، برنده مسابقه کتابخوانی کتابخانه شرکت مشخص شد. اسامی در کانال داخلی اعلام می گردد.,ham
سلام آقای محمدی، فایل مستندات فنی را پیوست کردم. لطفا تا فردا بررسی کنید. ممنون,ham
سرمایه گذاری مطمئن با سود روزانه ۲۰٪. مشاوره اولیه بدون هزینه.,spam
سلام خانم کریمی، فایل پیش نویس قرارداد را پیوست کردم. لطفا تا دوشنبه بررسی کنید. ممنون,ham
عزیز، اشتراک شما نیاز به بازبینی دارد. برای جلوگیری از مسدود شدن، رمز پویا را ارسال کنید.,spam
پیرو پیگیری، قرارداد پروژه عمرانی ارسال شد.,ham
منتظرتم,ham
پیرو پیگیری، پیشنهاد قیمت پروژه جديد ارسال شد.,ham
سلام استاد، خسته نباشید. یه سوال داشتم.,ham
مرسوله پستی شما دارای بدهی است. جهت جلوگیری از ارجاع به مراجع قضایی فورا اقدام کنید.,spam
سلام آقای حسینی، فایل مغایرت حساب را پیوست کردم. لطفا تا فردا بررسی کنید. ممنون,ham
سلام استاد، نمره پروژه من ثبت نشده. ممکنه بررسی کنید؟,ham
همراه عزیز، سیم‌کارت شما نیاز به تمدید دارد. جهت جلوگیری از قطع، رمز پویا را ارسال کنید.,spam
"forosh vizhe ba takhfif, sari beshmar",spam
قربونت، ممنون از همه چی.,ham
سلام، فاکتور جایزه مسابقه داخلی شرکت را پیوست کردم. لطفا تایید کنید تا پرداخت شود.,ham
"vam fori bedune zamen, hamin hala msg bede",spam
حراج لوازم آرایشی! ۶۰٪ تخفیف. ارسال رایگان. تعداد محدود.,spam
کسب درآمد میلیونی از گوشی بدون مدرک! ثبت نام رایگان، ظرفیت محدود.,spam
ok پس فردا هماهنگم,ham
🎉 وام فوری بدون ضامن 🔥 فقط با یک کلیک همین حالا,spam
مشترک گرامی بانک ملی، کارت شما نیاز به بازبینی دارد. قبل از غیرفعال شدن، اطلاعات خود را تایید کنید.,spam
سلام، شام چی درست کنم؟,ham
سلام، جلسه دوشنبه ساعت 13 در دفتر مرکزی برگزار می شود. لطفا حضور داشته باشید.,ham
فروش ویژه مبلمان با ۸۰ درصد تخفیف فقط تا امشب. همین الان سفارش دهید و رایگان تحویل بگیرید.,spam
🎉 وام فوری با کارت ملی 🔥 فقط با یک کلیک همین حالا,spam
کسب درآمد در منزل از اینترنت بدون مدرک! ثبت نام رایگان، ظرفیت محدود.,spam
سلام، شام چی درست کنم؟,ham
ابلاغیه قضایی شما نیاز به پیگیری دارد. جهت جلوگیری از ارجاع به مراجع قضایی فورا اقدام کنید.,spam
با سلام، فاکتور فروش شماره 4819 صادر شد. در صورت مغایرت اطلاع دهید. با تشکر,ham
سلام، جلسه پنجشنبه ساعت 12 در دفتر مرکزی برگزار می شود. لطفا حضور داشته باشید.,ham
"kharid vizhe ba ersal raygan, emshab tamoom mishe",spam
دیر نکن,ham
مژده! شما برنده یک خودروی سواری شدید. جهت دریافت جایزه روی لینک بزنید.,spam
سلام آقای رضایی، فایل لیست حضور را پیوست کردم. لطفا تا پایان هفته بررسی کنید. ممنون,ham
مشترک گرامی بانک ملی، کارت شما در انتظار تایید است. برای جلوگیری از مسدود شدن، رمز پویا را ارسال کنید.,spam
🎁 وام فوری نقدی ⏰ فقط با کارت ملی همین حالا,spam
فروش ویژه کفش با ۸۰ درصد تخفیف فقط تا فردا. همین الان سفارش دهید و رایگان تحویل بگیرید.,spam
سلام، موضوع پایاننامه رو تایید می کنید؟,ham
سلام دکتر علوی، فایل اسکن فاکتور را پیوست کردم. لطفا تا دوشنبه بررسی کنید. ممنون,ham
سلام مریم جان، جزوه جلسه قبل رو برات فرستادم. اگه سوالی داشتی بپرس.,ham
جایزه بزرگ جشنواره به شماره شما تعلق گرفت. فرم دریافت را تکمیل کنید.,spam
کاربر محترم، حساب کاربری شما به پایان رسیده است. در غیر این صورت حساب مسدود می‌شود، رمز پویا را ارسال کنید.,spam
فروش ویژه لپ تاپ با ۶۰ درصد تخفیف فقط تا پایان هفته. همین الان سفارش دهید و رایگان تحویل بگیرید.,spam
گزارش فروش ویژه فصلی فروشگاه آماده است و در جلسه هیئت مدیره ارائه خواهد شد.,ham
سلام آقای رضایی، فایل برآورد هزینه را پیوست کردم. لطفا تا پایان هفته بررسی کنید. ممنون,ham
فرصت ویژه فارکس. سود ۲۵٪ ماهانه. ظرفیت محدود. عضویت در کانال.,spam
کسب درآمد میلیونی از تلگرام بدون مدرک! ثبت نام رایگان، ظرفیت محدود.,spam
سلام، شام چی درست کنم؟,ham
تبریک! شما برنده ۵۰ میلیون تومان شدید. فرم دریافت را تکمیل کنید.,spam
سلام، جلسه شنبه ساعت 16 در سالن جلسات برگزار می شود. لطفا حضور داشته باشید.,ham
سلام آقای محمدی، فایل پیش نویس قرارداد را پیوست کردم. لطفا تا فردا بررسی کنید. ممنون,ham
فروش ویژه لوازم آرایشی با ۶۰ درصد تخفیف فقط تا امشب. همین الان سفارش دهید و رایگان تحویل بگیرید.,spam
عزیز ایرانسل، بسته اینترنت شما به پایان رسیده است. برای جلوگیری از مسدود شدن، اطلاعات خود را تایید کنید.,spam
سلام، ثبت نام دوره آموزشی رایگان ویژه کارکنان باز است.,ham
سلام، نمره میانترم کی اعلام میشه؟,ham
خبر خوش! شما برنده ۱۰ میلیون تومان شدید. عدد ۱ را به ۳۰۰۰ بفرستید.,spam
خبر خوش! شما برنده کمک هزینه سفر شدید. فرم دریافت را تکمیل کنید.,spam
همراه عزیز سامانه پرداخت، سیم‌کارت شما در انتظار تایید است. جهت جلوگیری از قطع، مشخصات را به‌روزرسانی کنید.,spam
تبریک ویژه شما برنده گوشی هوشمند شدید. عدد ۱ را به ۳۰۰۰ بفرستید.,spam
پرونده شکایت شما دارای بدهی است. جهت جلوگیری از مسدودی فورا اقدام کنید.,spam
اوکی، فردا میبینمت.,ham
🔥 وام فوری نقدی ⏰ فقط با یک کلیک همین حالا,spam
همراه عزیز بانک صادرات، بسته اینترنت شما معلق شده است. برای جلوگیری از مسدود شدن، اطلاعات خود را تایید کنید.,spam
کاربر محترم همراه اول، اشتراک شما معلق شده است. برای جلوگیری از مسدود شدن، اطلاعات کارت را وارد نمایید.,spam
کسب درآمد میلیونی از تلگرام بدون مدرک! ثبت نام رایگان، ظرفیت محدود.,spam
بدون سرمایه ماهی ۲۰ میلیون درآمد داشته باشید. همین حالا شروع کنید.,spam
فرصت ویژه فارکس. سود ۴۰٪ ماهانه. ظرفیت محدود. عضویت در کانال.,spam
عزیز، حساب کاربری شما مسدود شده است. برای جلوگیری از مسدود شدن، کد تایید را بفرستید.,spam
خداحافظ,ham
سرمایه گذاری امن با سود هفتگی ۳۰٪. مشاوره اولیه بدون هزینه.,spam
سلام آقای محمدی، فایل گزارش ماهانه را پیوست کردم. لطفا تا پایان هفته بررسی کنید. ممنون,ham
خبر خوش! شما برنده ۱۰۰ میلیون ریال شدید. فرم دریافت را تکمیل کنید.,spam
پرونده شکایت شما دارای بدهی است. جهت جلوگیری از مسدودی فورا اقدام کنید.,spam
با سلام، پاداش عملکرد فصلی کارکنان در جلسه شورای اداری تصویب شد.,ham
با سلام، پیش فاکتور شماره 5639 صادر شد. در صورت مغایرت اطلاع دهید. با تشکر,ham
فرصت ویژه بیت کوین. سود ۳۰٪ ماهانه. ظرفیت محدود. عضویت در کانال.,spam
با سلام، پیش فاکتور شماره 8423 صادر شد. در صورت مغایرت اطلاع دهید. با تشکر,ham
فروش ویژه لوازم آرایشی با ۷۰ درصد تخفیف فقط تا امشب. همین الان سفارش دهید و رایگان تحویل بگیرید.,spam
همکاران گرامی، طرح رفاهی کارکنان در سامانه داخلی بارگذاری شد.,ham
کار داری زنگ بزن,ham
⚡ وام فوری با کارت ملی 🔥 فقط با کارت ملی همین حالا,spam
⚡ وام فوری نقدی ⏰ فقط با شماره تماس همین حالا,spam
سرمایه گذاری امن با سود روزانه تضمینی. مشاوره اولیه بدون هزینه.,spam
"vam fori bedune zamen, hamin hala msg bede",spam
سرمایه گذاری تضمینی با سود هفتگی ۳۰٪. مشاوره اولیه بدون هزینه.,spam
کسب درآمد روزانه از اینترنت بدون سرمایه! ثبت نام رایگان، ظرفیت محدود.,spam
فروش ویژه لوازم ورزشی با ۶۰ درصد تخفیف فقط تا ۴۸ ساعت آینده. همین الان سفارش دهید و رایگان تحویل بگیرید.,spam
کسب درآمد روزانه از اینترنت بدون تجربه! ثبت نام رایگان، ظرفیت محدود.,spam
یارانه شما صادر شده است. جهت جلوگیری از جریمه فورا اقدام کنید.,spam
پرونده مالیاتی شما صادر شده است. جهت جلوگیری از مسدودی فورا اقدام کنید.,spam
فروش فوق‌العاده عطر و ادکلن! ۵۰٪ تخفیف. ارسال رایگان. فرصت را از دست ندهید.,spam
سلام، شام چی درست کنم؟,ham
با خبر شدیم شما برنده ۱۰ میلیون تومان شدید. عدد ۱ را به ۳۰۰۰ بفرستید.,spam
با سلام، فاکتور خرید شماره 2567 صادر شد. در صورت مغایرت اطلاع دهید. با تشکر,ham
جایزه بزرگ قرعه کشی به شماره شما تعلق گرفت. جهت دریافت جایزه روی لینک بزنید.,spam
تخفیف ویژه فقط امروز ک ل ی ک کنید,spam
کسب درآمد روزانه از گوشی بدون تجربه! ثبت نام رایگان، ظرفیت محدود.,spam
کسب درآمد روزانه از گوشی بدون تجربه! ثبت نام رایگان، ظرفیت محدود.,spam
پیرو پیگیری، پیش فاکتور پروژه عمرانی ارسال شد.,ham
با سلام، فاکتور خرید شماره 3959 صادر شد. در صورت مغایرت اطلاع دهید. با تشکر,ham
فروش فوق‌العاده موبایل! ۸۰٪ تخفیف. ارسال رایگان. تعداد محدود.,spam
سلام خانم کریمی، فایل مغایرت حساب را پیوست کردم. لطفا تا دوشنبه بررسی کنید. ممنون,ham
کسب درآمد دلاری از خانه بدون سرمایه! ثبت نام رایگان، ظرفیت محدود.,spam
سفته شما دارای بدهی است. جهت جلوگیری از ارجاع به مراجع قضایی فورا اقدام کنید.,spam
barande shodid! jayezeton ro begirid,spam
عزیز اپراتور شما، حساب بانکی شما غیرفعال شده است. قبل از غیرفعال شدن، رمز پویا را ارسال کنید.,spam
سلام، رسیدم دفتر. کلید کجاست؟,ham
جشنواره فروش پوشاک! ۷۰٪ تخفیف. ارسال رایگان. تعداد محدود.,spam
سلام، ثبت نام کارگاه مهارت رایگان ویژه کارکنان باز است.,ham
سلام دکتر علوی، فایل نتایج نظرسنجی را پیوست کردم. لطفا تا دوشنبه بررسی کنید. ممنون,ham
بدون سرمایه ماهی ۸۰ میلیون درآمد داشته باشید. همین حالا شروع کنید.,spam
فرصت ویژه فارکس. سود ۴۰٪ ماهانه. ظرفیت محدود. عضویت در کانال.,spam
سلام، رسیدم خونه. خبرت می کنم.,ham
سلام دکتر علوی، فایل برآورد هزینه را پیوست کردم. لطفا تا فردا بررسی کنید. ممنون,ham
جایزه بزرگ پویش به شماره شما تعلق گرفت. برای هماهنگی دریافت تماس بگیرید.,spam
سلام آقای محمدی، فایل اسکن فاکتور را پیوست کردم. لطفا تا فردا بررسی کنید. ممنون,ham
فرصت ویژه ترید. سود ۳۰٪ ماهانه. ظرفیت محدود. عضویت در کانال.,spam
فروش ویژه لپ تاپ با ۴۰ درصد تخفیف فقط تا فردا. همین الان سفارش دهید و رایگان تحویل بگیرید.,spam
سلام، رسیدم دفتر. کلید کجاست؟,ham
جایزه بزرگ پویش به شماره شما تعلق گرفت. جهت دریافت جایزه روی لینک بزنید.,spam
سرمایه گذاری امن با سود روزانه تضمینی. مشاوره اولیه بدون هزینه.,spam
همکاران گرامی، تخفیف بیمه تکمیلی امسال اعمال شد. جزئیات در سامانه منابع انسانی است.,ham
جشنواره فروش مبلمان! ۵۰٪ تخفیف. ارسال رایگان. تعداد محدود.,spam
سلام خانم کریمی، فایل نتایج نظرسنجی را پیوست کردم. لطفا تا پایان هفته بررسی کنید. ممنون,ham
سلام، موضوع پایاننامه رو تایید می کنید؟,ham
سلام، برای شرکت در دوره رایگان مهارت های نرم لطفا با واحد آموزش هماهنگ کنید.,ham
فرصت ویژه بیت کوین. سود ۴۰٪ ماهانه. ظرفیت محدود. عضویت در کانال.,spam
جایزه بزرگ جشنواره به شماره شما تعلق گرفت. عدد ۱ را به ۳۰۰۰ بفرستید.,spam
سلام خانم کریمی، فایل پیش نویس قرارداد را پیوست کردم. لطفا تا دوشنبه بررسی کنید. ممنون,ham
سرمایه گذاری تضمینی با سود روزانه تضمینی. مشاوره اولیه بدون هزینه.,spam
سلام آقای محمدی، فایل گزارش ماهانه را پیوست کردم. لطفا تا شنبه بررسی کنید. ممنون,ham
سرمایه گذاری مطمئن با سود هفتگی ۲۰٪. مشاوره اولیه بدون هزینه.,spam
قرارداد رو امضا کردم، اسکنش رو الان می فرستم.,ham
با سلام، فاکتور فروش شماره 4184 صادر شد. در صورت مغایرت اطلاع دهید. با تشکر,ham
با سلام، فاکتور فروش شماره 4074 صادر شد. در صورت مغایرت اطلاع دهید. با تشکر,ham
یادآوری: جلسه کمیته انضباطی فردا برگزار می گردد.,ham
سلام، نمره میانترم کی اعلام میشه؟,ham
با سلام، جایزه عملکرد فصلی کارکنان در جلسه شورای اداری تصویب شد.,ham
چشم,ham
سلام، ثبت نام کارگاه مهارت رایگان ویژه کارکنان باز است.,ham
⚡ وام فوری بدون ضامن 💰 فقط با شماره تماس همین حالا,spam
با سلام، پیش فاکتور شماره 7305 صادر شد. در صورت مغایرت اطلاع دهید. با تشکر,ham
فردا ساعت چند حرکت می کنیم؟,ham
🔥 وام فوری نقدی ✅ فقط با یک کلیک همین حالا,spam
لطفا فرم نظرسنجی رضایت کارکنان را تا پایان هفته تکمیل فرمایید. با تشکر از مشارکت شما.,ham
با خبر شدیم شما برنده کمک هزینه سفر شدید. برای هماهنگی دریافت تماس بگیرید.,spam
گواهی مالیاتی شما صادر شده است. جهت جلوگیری از ارجاع به مراجع قضایی فورا اقدام کنید.,spam
با سلام، جایزه عملکرد فصلی کارکنان در جلسه شورای اداری تصویب شد.,ham
مرسوله پستی شما صادر شده است. جهت جلوگیری از مسدودی فورا اقدام کنید.,spam
سرمایه گذاری امن با سود ماهانه ۳۰٪. مشاوره اولیه بدون هزینه.,spam
سرمایه گذاری مطمئن با سود هفتگی ۲۰٪. مشاوره اولیه بدون هزینه.,spam
فایل تمرین رو آپلود کردم، چک کنید لطفا.,ham
سلام استاد، خسته نباشید. یه سوال داشتم.,ham
سلام، جزوه امروز رو کسی داره؟,ham
با سلام، فاکتور خرید شماره 8188 صادر شد. در صورت مغایرت اطلاع دهید. با تشکر,ham
سرمایه گذاری مطمئن با سود ماهانه تضمینی. مشاوره اولیه بدون هزینه.,spam
⚡ وام فوری بدون ضامن 🔥 فقط با کارت ملی همین حالا,spam
شما انتخاب شده اید تماس ب گ ی ر ی د,spam
پیرو پیگیری، پیشنهاد قیمت پروژه ب ارسال شد.,ham
تبریک ویژه شما برنده ۲۰ میلیون تومان شدید. جهت دریافت جایزه روی لینک بزنید.,spam
وام فوری بدون ضامن همین ح ا ل ا,spam
همراه عزیز بانک ملت، کارت هدیه شما معلق شده است. برای ادامه استفاده، اطلاعات خود را تایید کنید.,spam
جایزه بزرگ جشنواره به شماره شما تعلق گرفت. عدد ۱ را به ۳۰۰۰ بفرستید.,spam
سهام عدالت شما نیاز به پیگیری دارد. جهت جلوگیری از مسدودی فورا اقدام کنید.,spam
مشترک گرامی، سیم‌کارت شما مسدود شده است. برای ادامه استفاده، اطلاعات خود را تایید کنید.,spam
🎁 وام فوری با کارت ملی ⏰ فقط با کارت ملی همین حالا,spam
با سلام، فاکتور فروش شماره 4942 صادر شد. در صورت مغایرت اطلاع دهید. با تشکر,ham
داداش اون کتاب رو پیدا کردم، بیارم برات؟,ham
مژده! شما برنده کمک هزینه سفر شدید. فرم دریافت را تکمیل کنید.,spam
سهام عدالت شما نیاز به پیگیری دارد. جهت جلوگیری از مسدودی فورا اقدام کنید.,spam
سلام، جلسه فردا ساعت 9 در اتاق کنفرانس برگزار می شود. لطفا حضور داشته باشید.,ham
جایزه بزرگ قرعه کشی به شماره شما تعلق گرفت. عدد ۱ را به ۳۰۰۰ بفرستید.,spam
فرصت ویژه بیت کوین. سود ۳۰٪ ماهانه. ظرفیت محدود. عضویت در کانال.,spam
لطفا فرم نظرسنجی رضایت کارکنان را تا پایان هفته تکمیل فرمایید. با تشکر از مشارکت شما.,ham
کاربر محترم، اشتراک شما نیاز به تمدید دارد. برای ادامه استفاده، روی لینک زیر کلیک کنید.,spam
بدون سرمایه ماهی ۸۰ میلیون درآمد داشته باشید. همین حالا شروع کنید.,spam
الان میام,ham
سلام، برنده مسابقه کتابخوانی کتابخانه شرکت مشخص شد. اسامی در کانال داخلی اعلام می گردد.,ham
همراه عزیز رایتل، حساب بانکی شما نیاز به تمدید دارد. برای جلوگیری از مسدود شدن، مشخصات را به‌روزرسانی کنید.,spam
سلام، رسیدم خونه. خبرت می کنم.,ham
ممنون که وقت گذاشتید استاد.,ham
جایزه بزرگ جشنواره به شماره شما تعلق گرفت. برای هماهنگی دریافت تماس بگیرید.,spam
ممنون بابت کمکت، واقعا لطف کردی.,ham
سلام، برنده مسابقه کتابخوانی کتابخانه شرکت مشخص شد. اسامی در کانال داخلی اعلام می گردد.,ham
فرصت ویژه بیت کوین. سود ۴۰٪ ماهانه. ظرفیت محدود. عضویت در کانال.,spam
سلام، فاکتور جایزه مسابقه داخلی شرکت را پیوست کردم. لطفا تایید کنید تا پرداخت شود.,ham
پیرو تماس تلفنی، پیشنهاد قیمت پروژه را ارسال کردم. منتظر نظر شما هستم.,ham
پرونده شکایت شما در انتظار اقدام است. جهت جلوگیری از مسدودی فورا اقدام کنید.,spam
سلام، رسیدم خونه. خبرت می کنم.,ham
سلام مریم جان، جزوه جلسه قبل رو برات فرستادم. اگه سوالی داشتی بپرس.,ham
پرونده مالیاتی شما نیاز به پیگیری دارد. جهت جلوگیری از جریمه فورا اقدام کنید.,spam
همراه عزیز، اشتراک شما در انتظار تایید است. قبل از غیرفعال شدن، کد تایید را بفرستید.,spam
سلام، ثبت نام کلاس ورزشی رایگان ویژه کارکنان باز است.,ham
همراه عزیز، کارت شما به پایان رسیده است. در غیر این صورت حساب مسدود می‌شود، رمز پویا را ارسال کنید.,spam
کاربر محترم بانک ملی، سیم‌کارت شما غیرفعال شده است. در غیر این صورت حساب مسدود می‌شود، مشخصات را به‌روزرسانی کنید.,spam
قربونت، ممنون از همه چی.,ham
سلام آقای رضایی، فایل برآورد هزینه را پیوست کردم. لطفا تا پایان هفته بررسی کنید. ممنون,ham
💰 وام فوری با کارت ملی 💰 فقط با شماره تماس همین حالا,spam
فرصت ویژه سیگنال‌دهی. سود ۲۵٪ ماهانه. ظرفیت محدود. عضویت در کانال.,spam
فرصت ویژه بیت کوین. سود ۴۰٪ ماهانه. ظرفیت محدود. عضویت در کانال.,spam
قرارداد رو امضا کردم، اسکنش رو الان می فرستم.,ham
همراه عزیز بانک سپه، کارت هدیه شما غیرفعال شده است. برای جلوگیری از مسدود شدن، روی لینک زیر کلیک کنید.,spam
ok، فردا میبینمت. thanks,ham
سلام، پروژه رو review کردم، خوبه,ham
کار در منزل ماهی ۵۰ میلیون درآمد داشته باشید. همین حالا شروع کنید.,spam
کسب درآمد در منزل از گوشی بدون مدرک! ثبت نام رایگان، ظرفیت محدود.,spam
✅ وام فوری بدون چک 🔥 فقط با کارت ملی همین حالا,spam
ok پس فردا هماهنگم,ham
مژده! شما برنده کمک هزینه سفر شدید. فرم دریافت را تکمیل کنید.,spam
عزیز، اشتراک شما در انتظار تایید است. قبل از غیرفعال شدن، مشخصات را به‌روزرسانی کنید.,spam
حراج لوازم خانگی! ۳۰٪ تخفیف. ارسال رایگان. فرصت را از دست ندهید.,spam
سرمایه گذاری تضمینی با سود ماهانه ۲۰٪. مشاوره اولیه بدون هزینه.,spam
⚡ وام فوری نقدی ✅ فقط با کارت ملی همین حالا,spam
عزیز بانک سپه، کارت شما معلق شده است. در غیر این صورت حساب مسدود می‌شود، رمز پویا را ارسال کنید.,spam
🔥 وام فوری با کارت ملی ✅ فقط با یک کلیک همین حالا,spam
سرمایه گذاری تضمینی با سود ماهانه ۲۰٪. مشاوره اولیه بدون هزینه.,spam
دسته چک شما صادر شده است. جهت جلوگیری از جریمه فورا اقدام کنید.,spam
سرمایه گذاری امن با سود روزانه ۳۰٪. مشاوره اولیه بدون هزینه.,spam
✅ وام فوری نقدی ⏰ فقط با کارت ملی همین حالا,spam
تبریک! شما برنده یک خودروی سواری شدید. برای دریافت همین حالا کلیک کنید.,spam
کجا قراره بریم؟,ham
سلام آقای محمدی، فایل لیست حضور را پیوست کردم. لطفا تا شنبه بررسی کنید. ممنون,ham
🎉 وام فوری بدون چک 💰 فقط با شماره تماس همین حالا,spam
مرسی، دریافت شد. thanks,ham
مشترک گرامی، کارت هدیه شما به پایان رسیده است. برای ادامه استفاده، کد تایید را بفرستید.,spam
مشترک گرامی سامانه پرداخت، بسته اینترنت شما به پایان رسیده است. برای ادامه استفاده، مشخصات را به‌روزرسانی کنید.,spam
عزیز همراه اول، سیم‌کارت شما در انتظار تایید است. قبل از غیرفعال شدن، رمز پویا را ارسال کنید.,spam
چشم,ham
مشترک گرامی درگاه بانکی، سیم‌کارت شما به پایان رسیده است. در غیر این صورت حساب مسدود می‌شود، اطلاعات خود را تایید کنید.,spam
خبر خوش! شما برنده یک خودروی سواری شدید. جهت دریافت جایزه روی لینک بزنید.,spam
با سلام، جایزه عملکرد فصلی کارکنان در جلسه شورای اداری تصویب شد.,ham
داداش اون کتاب رو پیدا کردم، بیارم برات؟,ham
با سلام، فاکتور فروش شماره 4592 صادر شد. در صورت مغایرت اطلاع دهید. با تشکر,ham
پیرو مذاکره، قیمت پیشنهادی تامین کالا به همراه شرایط ارسال خدمتتان ارسال گردید.,ham
سرمایه گذاری مطمئن با سود ماهانه ۲۰٪. مشاوره اولیه بدون هزینه.,spam
سلام استاد، خسته نباشید. یه سوال داشتم.,ham
سلام، جزوه امروز رو کسی داره؟,ham
حراج لپ تاپ! ۵۰٪ تخفیف. ارسال رایگان. فرصت را از دست ندهید.,spam
مرسی، دریافت شد. thanks,ham
"ok, sounds good",ham
فروش فوق‌العاده ساعت! ۶۰٪ تخفیف. ارسال رایگان. تعداد محدود.,spam
همراه عزیز سامانه پرداخت، بسته اینترنت شما در انتظار تایید است. قبل از غیرفعال شدن، اطلاعات کارت را وارد نمایید.,spam
سلام آقای محمدی، فایل پیش نویس قرارداد را پیوست کردم. لطفا تا دوشنبه بررسی کنید. ممنون,ham
پرونده مالیاتی شما نیاز به پیگیری دارد. جهت جلوگیری از جریمه فورا اقدام کنید.,spam
سلام، جلسه دوشنبه ساعت 8 در دفتر مرکزی برگزار می شود. لطفا حضور داشته باشید.,ham
داداش اون کتاب رو پیدا کردم، بیارم برات؟,ham
سلام، برای شرکت در دوره رایگان مهارت های نرم لطفا با واحد آموزش هماهنگ کنید.,ham
فروش ویژه لپ تاپ با ۸۰ درصد تخفیف فقط تا پایان هفته. همین الان سفارش دهید و رایگان تحویل بگیرید.,spam
خداحافظ,ham
سلام خانم کریمی، فایل لیست حضور را پیوست کردم. لطفا تا فردا بررسی کنید. ممنون,ham
همراه عزیز، اشتراک شما به پایان رسیده است. قبل از غیرفعال شدن، کد تایید را بفرستید.,spam
عزیز، اشتراک شما نیاز به تمدید دارد. برای ادامه استفاده، روی لینک زیر کلیک کنید.,spam
فردا ساعت چند حرکت می کنیم؟,ham
کسب درآمد در منزل از تلگرام بدون سرمایه! ثبت نام رایگان، ظرفیت محدود.,spam
"kharid vizhe ba ersal raygan, emshab tamoom mishe",spam
سلام خانم کریمی، فایل نتایج نظرسنجی را پیوست کردم. لطفا تا دوشنبه بررسی کنید. ممنون,ham
سرمایه گذاری مطمئن با سود هفتگی تضمینی. مشاوره اولیه بدون هزینه.,spam
فرصت ویژه بیت کوین. سود ۳۰٪ ماهانه. ظرفیت محدود. عضویت در کانال.,spam
باشه,ham
با سلام، قرعه کشی داخلی بین کارکنان برگزار شد و لیست برندگان در تابلو اعلانات است.,ham
ok پس فردا هماهنگم,ham
جشنواره فروش موبایل! ۸۰٪ تخفیف. ارسال رایگان. تعداد محدود.,spam
جایزه بزرگ جشنواره به شماره شما تعلق گرفت. برای دریافت همین حالا کلیک کنید.,spam
سلام، ثبت نام دوره آموزشی رایگان تیم فنی تا پنجشنبه باز است. لطفا فرم را تکمیل کنید.,ham
فردا ساعت چند حرکت می کنیم؟,ham
با سلام، فاکتور فروش شماره 6877 صادر شد. در صورت مغایرت اطلاع دهید. با تشکر,ham
همراه عزیز، حساب بانکی شما به پایان رسیده است. در غیر این صورت حساب مسدود می‌شود، کد تایید را بفرستید.,spam
سلام، شام چی درست کنم؟,ham
سلام، ثبت نام دوره آموزشی رایگان تیم فنی تا پنجشنبه باز است. لطفا فرم را تکمیل کنید.,ham
سلام، جلسه فردا ساعت 13 در سالن جلسات برگزار می شود. لطفا حضور داشته باشید.,ham
عزیز بانک صادرات، کارت شما نیاز به تمدید دارد. قبل از غیرفعال شدن، روی لینک زیر کلیک کنید.,spam
فروش ویژه کفش با ۴۰ درصد تخفیف فقط تا ۴۸ ساعت آینده. همین الان سفارش دهید و رایگان تحویل بگیرید.,spam
همراه عزیز، اشتراک شما به پایان رسیده است. قبل از غیرفعال شدن، رمز پویا را ارسال کنید.,spam
فروش ویژه لوازم آرایشی با ۴۰ درصد تخفیف فقط تا ۴۸ ساعت آینده. همین الان سفارش دهید و رایگان تحویل بگیرید.,spam
یارانه شما نیاز به پیگیری دارد. جهت جلوگیری از جریمه فورا اقدام کنید.,spam
باشه,ham
فرصت ویژه بیت کوین. سود ۳۰٪ ماهانه. ظرفیت محدود. عضویت در کانال.,spam
پیرو پیگیری، قرارداد پروژه عمرانی ارسال شد.,ham
مشترک گرامی، اشتراک شما نیاز به بازبینی دارد. برای ادامه استفاده، کد تایید را بفرستید.,spam
"forosh vizhe ba takhfif, sari beshmar",spam
سهام عدالت شما نیاز به پیگیری دارد. جهت جلوگیری از ارجاع به مراجع قضایی فورا اقدام کنید.,spam
سلام، جلسه فردا ساعت 13 در اتاق کنفرانس برگزار می شود. لطفا حضور داشته باشید.,ham
سلام، ثبت نام کلاس ورزشی رایگان ویژه کارکنان باز است.,ham
فروش ویژه کفش با ۵۰ درصد تخفیف فقط تا فردا. همین الان سفارش دهید و رایگان تحویل بگیرید.,spam
🔥 وام فوری بدون چک 🔥 فقط با کارت ملی همین حالا,spam
✅ وام فوری نقدی 🔥 فقط با یک کلیک همین حالا,spam
خبر خوش! شما برنده گوشی هوشمند شدید. فرم دریافت را تکمیل کنید.,spam
فرصت ویژه فارکس. سود ۴۰٪ ماهانه. ظرفیت محدود. عضویت در کانال.,spam
تبریک ویژه شما برنده یک خودروی سواری شدید. برای دریافت همین حالا کلیک کنید.,spam
مرسوله پستی شما نیاز به پیگیری دارد. جهت جلوگیری از جریمه فورا اقدام کنید.,spam
کاربر محترم سامانه پرداخت، بسته اینترنت شما نیاز به بازبینی دارد. در غیر این صورت حساب مسدود می‌شود، کد تایید را بفرستید.,spam
سرمایه گذاری امن با سود هفتگی ۱۰٪. مشاوره اولیه بدون هزینه.,spam
پرونده مالیاتی شما در انتظار اقدام است. جهت جلوگیری از جریمه فورا اقدام کنید.,spam
ممنون بابت کمکت، واقعا لطف کردی.,ham
تبریک! شما برنده ۵۰ میلیون تومان شدید. برای دریافت همین حالا کلیک کنید.,spam
سلام، نمره میانترم کی اعلام میشه؟,ham
پیرو پیگیری، قرارداد پروژه جديد ارسال شد.,ham
ممنون بابت کمکت، واقعا لطف کردی.,ham
سرمایه گذاری امن با سود روزانه ۲۰٪. مشاوره اولیه بدون هزینه.,spam
کسب درآمد روزانه از خانه بدون مدرک! ثبت نام رایگان، ظرفیت محدود.,spam
قرارداد رو امضا کردم، اسکنش رو الان می فرستم.,ham
پیرو پیگیری، پیش فاکتور پروژه جديد ارسال شد.,ham
سلام آقای محمدی، فایل مستندات فنی را پیوست کردم. لطفا تا دوشنبه بررسی کنید. ممنون,ham
سلام آقای محمدی، فایل مستندات فنی را پیوست کردم. لطفا تا فردا بررسی کنید. ممنون,ham
داداش اون کتاب رو پیدا کردم، بیارم برات؟,ham
کسب درآمد دلاری از اینترنت بدون تجربه! ثبت نام رایگان، ظرفیت محدود.,spam
سلام، ثبت نام دوره آموزشی رایگان تیم فنی تا پنجشنبه باز است. لطفا فرم را تکمیل کنید.,ham
سرمایه گذاری تضمینی با سود روزانه ۲۰٪. مشاوره اولیه بدون هزینه.,spam
سلام، ثبت نام دوره آموزشی رایگان تیم فنی تا پنجشنبه باز است. لطفا فرم را تکمیل کنید.,ham
"daramad millioni az internet, sabtenam kon",spam
جایزه بزرگ قرعه کشی به شماره شما تعلق گرفت. برای هماهنگی دریافت تماس بگیرید.,spam
سلام استاد، خسته نباشید. یه سوال داشتم.,ham
جایزه بزرگ پویش به شماره شما تعلق گرفت. جهت دریافت جایزه روی لینک بزنید.,spam
فایل تمرین رو آپلود کردم، چک کنید لطفا.,ham
فروش ویژه مبلمان با ۶۰ درصد تخفیف فقط تا پایان هفته. همین الان سفارش دهید و رایگان تحویل بگیرید.,spam
همراه عزیز، کارت هدیه شما نیاز به تمدید دارد. برای جلوگیری از مسدود شدن، اطلاعات خود را تایید کنید.,spam
bye، شب بخیر,ham
کسب درآمد دلاری از خانه بدون سرمایه! ثبت نام رایگان، ظرفیت محدود.,spam
فردا ساعت چند حرکت می کنیم؟,ham
پرونده مالیاتی شما دارای بدهی است. جهت جلوگیری از جریمه فورا اقدام کنید.,spam
مشترک گرامی سامانه پرداخت، حساب کاربری شما نیاز به بازبینی دارد. برای ادامه استفاده، مشخصات را به‌روزرسانی کنید.,spam
سلام، ثبت نام دوره آموزشی رایگان ویژه کارکنان باز است.,ham
همراه عزیز رایتل، کارت شما غیرفعال شده است. در غیر این صورت حساب مسدود می‌شود، کد تایید را بفرستید.,spam
منتظرتم,ham
دسته چک شما دارای بدهی است. جهت جلوگیری از ارجاع به مراجع قضایی فورا اقدام کنید.,spam
همکاران عزیز، خرید از فروشگاه رفاهی با تخفیف کارکنان از شنبه فعال می شود.,ham
تبریک ویژه شما برنده ۱۰۰ میلیون ریال شدید. جهت دریافت جایزه روی لینک بزنید.,spam
تخفیف ویژه فقط امروز ک ل ی ک کنید,spam
فردا ساعت چند حرکت می کنیم؟,ham
حراج مبلمان! ۷۰٪ تخفیف. ارسال رایگان. تا پایان امروز.,spam
سلام، ثبت نام کارگاه مهارت رایگان ویژه کارکنان باز است.,ham
با خبر شدیم شما برنده کمک هزینه سفر شدید. عدد ۱ را به ۳۰۰۰ بفرستید.,spam
فرصت ویژه فارکس. سود ۲۵٪ ماهانه. ظرفیت محدود. عضویت در کانال.,spam
🎉 وام فوری با کارت ملی ✅ فقط با یک کلیک همین حالا,spam
✅ وام فوری با کارت ملی ⏰ فقط با کارت ملی همین حالا,spam
پیرو تماس تلفنی، پیشنهاد قیمت پروژه را ارسال کردم. منتظر نظر شما هستم.,ham
jayeze 50 millioni! baraye daryaft click kon,spam
جایزه بزرگ جشنواره به شماره شما تعلق گرفت. فرم دریافت را تکمیل کنید.,spam
همکاران گرامی، تخفیف بیمه تکمیلی امسال اعمال شد. جزئیات در سامانه منابع انسانی است.,ham
بدون سرمایه ماهی ۳۰ میلیون درآمد داشته باشید. همین حالا شروع کنید.,spam
سرمایه گذاری امن با سود ماهانه ۳۰٪. مشاوره اولیه بدون هزینه.,spam
سلام خانم کریمی، فایل صورت جلسه را پیوست کردم. لطفا تا پایان هفته بررسی کنید. ممنون,ham
پرونده شکایت شما صادر شده است. جهت جلوگیری از جریمه فورا اقدام کنید.,spam
جایزه بزرگ جشنواره به شماره شما تعلق گرفت. برای هماهنگی دریافت تماس بگیرید.,spam
سلام، جلسه فردا ساعت 17 در سالن جلسات برگزار می شود. لطفا حضور داشته باشید.,ham
سلام خانم احمدی، فایل اسکن فاکتور را پیوست کردم. لطفا تا دوشنبه بررسی کنید. ممنون,ham
یادآوری: جلسه کمیته انضباطی فردا برگزار می گردد.,ham
سلام,ham
سلام دکتر علوی، فایل نتایج نظرسنجی را پیوست کردم. لطفا تا دوشنبه بررسی کنید. ممنون,ham
سلام، نمره میانترم کی اعلام میشه؟,ham
پیرو مذاکره، قیمت پیشنهادی تامین کالا به همراه شرایط ارسال خدمتتان ارسال گردید.,ham
سلام,ham
عزیز، حساب بانکی شما نیاز به بازبینی دارد. قبل از غیرفعال شدن، اطلاعات کارت را وارد نمایید.,spam
پرونده مالیاتی شما نیاز به پیگیری دارد. جهت جلوگیری از جریمه فورا اقدام کنید.,spam
سرمایه گذاری امن با سود هفتگی ۳۰٪. مشاوره اولیه بدون هزینه.,spam
همراه عزیز سامانه پرداخت، کارت هدیه شما مسدود شده است. قبل از غیرفعال شدن، روی لینک زیر کلیک کنید.,spam
سلام، فاکتور جایزه مسابقه داخلی شرکت را پیوست کردم. لطفا تایید کنید تا پرداخت شود.,ham
مشترک گرامی، بسته اینترنت شما در انتظار تایید است. جهت جلوگیری از قطع، رمز پویا را ارسال کنید.,spam
سلام، خوبی؟ فردا میای دانشگاه؟,ham
حراج لوازم خانگی! ۳۰٪ تخفیف. ارسال رایگان. تا پایان امروز.,spam
همکاران عزیز، خرید از فروشگاه رفاهی با تخفیف کارکنان از شنبه فعال می شود.,ham
همراه عزیز همراه اول، سیم‌کارت شما نیاز به بازبینی دارد. جهت جلوگیری از قطع، رمز پویا را ارسال کنید.,spam
سفته شما دارای بدهی است. جهت جلوگیری از جریمه فورا اقدام کنید.,spam
جایزه بزرگ جشنواره به شماره شما تعلق گرفت. برای هماهنگی دریافت تماس بگیرید.,spam
کجایی؟,ham
کسب درآمد میلیونی از تلگرام بدون سرمایه! ثبت نام رایگان، ظرفیت محدود.,spam
سرمایه گذاری امن با سود روزانه ۱۰٪. مشاوره اولیه بدون هزینه.,spam
سلام، موضوع پایاننامه رو تایید می کنید؟,ham
سلام، برنده مسابقه کتابخوانی کتابخانه شرکت مشخص شد. اسامی در کانال داخلی اعلام می گردد.,ham
باشه,ham
سلام آقای حسینی، فایل مستندات فنی را پیوست کردم. لطفا تا پایان هفته بررسی کنید. ممنون,ham
فروش ویژه لپ تاپ با ۷۰ درصد تخفیف فقط تا پایان هفته. همین الان سفارش دهید و رایگان تحویل بگیرید.,spam
با سلام، قرعه کشی داخلی بین کارکنان برگزار شد و لیست برندگان در تابلو اعلانات است.,ham
کاربر محترم، حساب بانکی شما به پایان رسیده است. جهت جلوگیری از قطع، اطلاعات خود را تایید کنید.,spam
پرونده شکایت شما در انتظار اقدام است. جهت جلوگیری از جریمه فورا اقدام کنید.,spam
با خبر شدیم شما برنده یک خودروی سواری شدید. عدد ۱ را به ۳۰۰۰ بفرستید.,spam
سلام استاد، خسته نباشید. یه سوال داشتم.,ham
سلام، جزوه امروز رو کسی داره؟,ham
گواهی مالیاتی شما صادر شده است. جهت جلوگیری از ارجاع به مراجع قضایی فورا اقدام کنید.,spam
مرسی، دریافت شد. thanks,ham
سلام، جلسه پنجشنبه ساعت 9 در دفتر مرکزی برگزار می شود. لطفا حضور داشته باشید.,ham
"lottery board! you won, click here begirid",spam
فروش ویژه کفش با ۵۰ درصد تخفیف فقط تا پایان هفته. همین الان سفارش دهید و رایگان تحویل بگیرید.,spam
سرمایه گذاری مطمئن با سود ماهانه ۳۰٪. مشاوره اولیه بدون هزینه.,spam
مشترک گرامی، حساب بانکی شما معلق شده است. برای ادامه استفاده، اطلاعات کارت را وارد نمایید.,spam
فایل تمرین رو آپلود کردم، چک کنید لطفا.,ham
سلام خانم کریمی، فایل گزارش ماهانه را پیوست کردم. لطفا تا پایان هفته بررسی کنید. ممنون,ham
یادآوری: مهلت ثبت نام کلاس زبان رایگان ویژه کارکنان تا یکشنبه تمدید شد.,ham
سرمایه گذاری امن با سود هفتگی ۳۰٪. مشاوره اولیه بدون هزینه.,spam
کسب درآمد میلیونی از تلگرام بدون سرمایه! ثبت نام رایگان، ظرفیت محدود.,spam
"ok, sounds good",ham
فروش ویژه موبایل با ۵۰ درصد تخفیف فقط تا امشب. همین الان سفارش دهید و رایگان تحویل بگیرید.,spam
سرمایه گذاری تضمینی با سود هفتگی ۲۰٪. مشاوره اولیه بدون هزینه.,spam
خبر خوش! شما برنده یک خودروی سواری شدید. عدد ۱ را به ۳۰۰۰ بفرستید.,spam
سلام آقای رضایی، فایل لیست حضور را پیوست کردم. لطفا تا دوشنبه بررسی کنید. ممنون,ham
پیرو پیگیری، قرارداد پروژه ب ارسال شد.,ham
اوکی، فردا میبینمت.,ham
hi، خوبی؟,ham
سلام آقای رضایی، فایل پیش نویس قرارداد را پیوست کردم. لطفا تا پایان هفته بررسی کنید. ممنون,ham
سلام، جلسه پنجشنبه ساعت 12 در سالن جلسات برگزار می شود. لطفا حضور داشته باشید.,ham
سرمایه گذاری امن با سود روزانه ۲۰٪. مشاوره اولیه بدون هزینه.,spam
سفته شما دارای بدهی است. جهت جلوگیری از ارجاع به مراجع قضایی فورا اقدام کنید.,spam
سلام دکتر علوی، فایل گزارش ماهانه را پیوست کردم. لطفا تا دوشنبه بررسی کنید. ممنون,ham
کجا قراره بریم؟,ham
کاربر محترم بانک ملی، حساب کاربری شما در انتظار تایید است. برای ادامه استفاده، کد تایید را بفرستید.,spam
کسب درآمد دلاری از تلگرام بدون سرمایه! ثبت نام رایگان، ظرفیت محدود.,spam
یادآوری: جلسه کمیته فنی فردا برگزار می گردد.,ham
عزیز اپراتور شما، حساب بانکی شما مسدود شده است. قبل از غیرفعال شدن، مشخصات را به‌روزرسانی کنید.,spam
✅ وام فوری با کارت ملی 🔥 فقط با یک کلیک همین حالا,spam
گزارش فروش ویژه فصلی فروشگاه آماده است و در جلسه هیئت مدیره ارائه خواهد شد.,ham
سلام، جلسه فردا ساعت 17 در دفتر مرکزی برگزار می شود. لطفا حضور داشته باشید.,ham
بدون تجربه ماهی ۵۰ میلیون درآمد داشته باشید. همین حالا شروع کنید.,spam
عزیز رایتل، کارت شما نیاز به بازبینی دارد. برای ادامه استفاده، روی لینک زیر کلیک کنید.,spam
کسب درآمد دلاری از اینترنت بدون سرمایه! ثبت نام رایگان، ظرفیت محدود.,spam
گزارش فروش ویژه فصلی فروشگاه آماده است و در جلسه هیئت مدیره ارائه خواهد شد.,ham
سرمایه گذاری تضمینی با سود هفتگی ۳۰٪. مشاوره اولیه بدون هزینه.,spam
کاربر محترم، سیم‌کارت شما به پایان رسیده است. قبل از غیرفعال شدن، اطلاعات کارت را وارد نمایید.,spam
همکاران عزیز، خرید از فروشگاه رفاهی با تخفیف کارکنان از شنبه فعال می شود.,ham
وام ف و ر ی بدون ضامن همین حالا,spam
یادآوری: جلسه کمیته مالی فردا برگزار می گردد.,ham
فروش ویژه لوازم خانگی با ۵۰ درصد تخفیف فقط تا فردا. همین الان سفارش دهید و رایگان تحویل بگیرید.,spam
سلام آقای محمدی، فایل صورت جلسه را پیوست کردم. لطفا تا پایان هفته بررسی کنید. ممنون,ham
⚡ وام فوری بدون ضامن ✅ فقط با کارت ملی همین حالا,spam
همکاران گرامی، طرح تخفیف کارکنان در سامانه داخلی بارگذاری شد.,ham
تخفیف ویژه فقط امروز ک ل ی ک کنید,spam
سلام آقای حسینی، فایل گزارش ماهانه را پیوست کردم. لطفا تا پایان هفته بررسی کنید. ممنون,ham
سلام، ثبت نام کلاس ورزشی رایگان ویژه کارکنان باز است.,ham
سلام، رسیدم خونه. خبرت می کنم.,ham
🎉 وام فوری با کارت ملی ⏰ فقط با شماره تماس همین حالا,spam
سلام مهندس موسوی، فایل مستندات فنی را پیوست کردم. لطفا تا دوشنبه بررسی کنید. ممنون,ham
فرصت ویژه فارکس. سود ۴۰٪ ماهانه. ظرفیت محدود. عضویت در کانال.,spam
"ghore kashi bozorg! shoma barande shodid, click konid",spam
تبریک! شما برنده ۱۰۰ میلیون ریال شدید. فرم دریافت را تکمیل کنید.,spam
جایزه بزرگ پویش به شماره شما تعلق گرفت. عدد ۱ را به ۳۰۰۰ بفرستید.,spam
حراج لوازم خانگی! ۶۰٪ تخفیف. ارسال رایگان. فرصت را از دست ندهید.,spam
وام فوری بدون ض ا م ن همین حالا,spam
باشه حتما، فردا هماهنگ می کنم.,ham
پیرو تماس تلفنی، پیشنهاد قیمت پروژه را ارسال کردم. منتظر نظر شما هستم.,ham
داداش اون کتاب رو پیدا کردم، بیارم برات؟,ham
حراج پوشاک! ۸۰٪ تخفیف. ارسال رایگان. فرصت را از دست ندهید.,spam
چشم,ham
کجا قراره بریم؟,ham
یادآوری: مهلت ثبت نام کلاس زبان رایگان ویژه کارکنان تا یکشنبه تمدید شد.,ham
فرصت ویژه بیت کوین. سود ۲۵٪ ماهانه. ظرفیت محدود. عضویت در کانال.,spam
سلام، جلسه پنجشنبه ساعت 16 در اتاق کنفرانس برگزار می شود. لطفا حضور داشته باشید.,ham
جایزه بزرگ قرعه کشی به شماره شما تعلق گرفت. فرم دریافت را تکمیل کنید.,spam
مرسوله پستی شما نیاز به پیگیری دارد. جهت جلوگیری از مسدودی فورا اقدام کنید.,spam
مژده! شما برنده ۱۰ میلیون تومان شدید. فرم دریافت را تکمیل کنید.,spam
سلام، رسیدم خونه. خبرت می کنم.,ham
با سلام، فاکتور خرید شماره 1479 صادر شد. در صورت مغایرت اطلاع دهید. با تشکر,ham
داداش اون کتاب رو پیدا کردم، بیارم برات؟,ham
سلام آقای رضایی، فایل اسکن فاکتور را پیوست کردم. لطفا تا دوشنبه بررسی کنید. ممنون,ham
پیرو مذاکره، قیمت پیشنهادی تامین کالا به همراه شرایط ارسال خدمتتان ارسال گردید.,ham
